date,lounge_name,total_guests
2017-01-01,EK,1295
2017-01-01,EL,1294
2017-01-01,EM,738
2017-01-01,F,869
2017-01-01,G,128
2017-01-02,EK,1551
2017-01-02,EL,1985
2017-01-02,EM,958
2017-01-02,F,1147
2017-01-02,G,205
2017-01-03,EK,1497
2017-01-03,EL,1903
2017-01-03,EM,862
2017-01-03,F,1533
2017-01-03,G,218
2017-01-04,EK,1563
2017-01-04,EL,1691
2017-01-04,EM,922
2017-01-04,F,1373
2017-01-04,G,266
2017-01-05,EK,1248
2017-01-05,EL,1416
2017-01-05,EM,801
2017-01-05,F,1706
2017-01-05,G,300
2017-01-06,EK,1325
2017-01-06,EL,1490
2017-01-06,EM,1121
2017-01-06,F,1699
2017-01-06,G,204
2017-01-07,EK,1515
2017-01-07,EL,1659
2017-01-07,EM,1089
2017-01-07,F,1239
2017-01-07,G,200
2017-01-08,EK,2009
2017-01-08,EL,1848
2017-01-08,EM,1023
2017-01-08,F,1697
2017-01-08,G,341
2017-01-09,EK,1803
2017-01-09,EL,1962
2017-01-09,EM,963
2017-01-09,F,2494
2017-01-09,G,537
2017-01-10,EK,1328
2017-01-10,EL,1429
2017-01-10,EM,739
2017-01-10,F,2062
2017-01-10,G,484
2017-01-11,EK,1337
2017-01-11,EL,1375
2017-01-11,EM,617
2017-01-11,F,2196
2017-01-11,G,374
2017-01-12,EK,1111
2017-01-12,EL,1191
2017-01-12,EM,709
2017-01-12,F,2153
2017-01-12,G,437
2017-01-13,EK,1375
2017-01-13,EL,1276
2017-01-13,EM,578
2017-01-13,F,2511
2017-01-13,G,467
2017-01-14,EK,1462
2017-01-14,EL,1449
2017-01-14,EM,881
2017-01-14,F,1707
2017-01-14,G,252
2017-01-15,EK,1509
2017-01-15,EL,1997
2017-01-15,EM,1002
2017-01-15,F,1835
2017-01-15,G,326
2017-01-16,EK,1556
2017-01-16,EL,2111
2017-01-16,EM,1091
2017-01-16,F,2848
2017-01-16,G,553
2017-01-17,EK,1300
2017-01-17,EL,1413
2017-01-17,EM,701
2017-01-17,F,1918
2017-01-17,G,428
2017-01-18,EK,1284
2017-01-18,EL,1258
2017-01-18,EM,707
2017-01-18,F,2026
2017-01-18,G,418
2017-01-19,EK,1167
2017-01-19,EL,1148
2017-01-19,EM,599
2017-01-19,F,2641
2017-01-19,G,455
2017-01-20,EK,1303
2017-01-20,EL,1404
2017-01-20,EM,774
2017-01-20,F,2565
2017-01-20,G,473
2017-01-21,EK,1464
2017-01-21,EL,1307
2017-01-21,EM,921
2017-01-21,F,1661
2017-01-21,G,254
2017-01-22,EK,1626
2017-01-22,EL,1755
2017-01-22,EM,1007
2017-01-22,F,1907
2017-01-22,G,339
2017-01-23,EK,1710
2017-01-23,EL,1742
2017-01-23,EM,912
2017-01-23,F,3295
2017-01-23,G,636
2017-01-24,EK,1410
2017-01-24,EL,1543
2017-01-24,EM,589
2017-01-24,F,2270
2017-01-24,G,452
2017-01-25,EK,1359
2017-01-25,EL,1484
2017-01-25,EM,680
2017-01-25,F,2435
2017-01-25,G,503
2017-01-26,EK,1255
2017-01-26,EL,1221
2017-01-26,EM,718
2017-01-26,F,2682
2017-01-26,G,433
2017-01-27,EK,1316
2017-01-27,EL,1286
2017-01-27,EM,829
2017-01-27,F,3119
2017-01-27,G,540
2017-01-28,EK,1087
2017-01-28,EL,1376
2017-01-28,EM,895
2017-01-28,F,1696
2017-01-28,G,275
2017-01-29,EK,1400
2017-01-29,EL,1668
2017-01-29,EM,912
2017-01-29,F,1859
2017-01-29,G,299
2017-01-30,EK,1615
2017-01-30,EL,1854
2017-01-30,EM,991
2017-01-30,F,2728
2017-01-30,G,534
2017-01-31,EK,1162
2017-01-31,EL,1353
2017-01-31,EM,610
2017-01-31,F,2281
2017-01-31,G,456
2017-02-01,EK,1431
2017-02-01,EL,1276
2017-02-01,EM,635
2017-02-01,F,2398
2017-02-01,G,480
2017-02-02,EK,1338
2017-02-02,EL,1097
2017-02-02,EM,717
2017-02-02,F,2320
2017-02-02,G,422
2017-02-03,EK,1621
2017-02-03,EL,1598
2017-02-03,EM,815
2017-02-03,F,2606
2017-02-03,G,448
2017-02-04,EK,1703
2017-02-04,EL,1739
2017-02-04,EM,1118
2017-02-04,F,1121
2017-02-04,G,280
2017-02-05,EK,1847
2017-02-05,EL,1908
2017-02-05,EM,1070
2017-02-05,F,1555
2017-02-05,G,307
2017-02-06,EK,1839
2017-02-06,EL,1895
2017-02-06,EM,974
2017-02-06,F,1785
2017-02-06,G,529
2017-02-07,EK,1348
2017-02-07,EL,1501
2017-02-07,EM,584
2017-02-07,F,1623
2017-02-07,G,483
2017-02-08,EK,1388
2017-02-08,EL,1455
2017-02-08,EM,632
2017-02-08,F,1825
2017-02-08,G,452
2017-02-09,EK,1473
2017-02-09,EL,1423
2017-02-09,EM,555
2017-02-09,F,1883
2017-02-09,G,496
2017-02-10,EK,1424
2017-02-10,EL,1626
2017-02-10,EM,991
2017-02-10,F,1713
2017-02-10,G,519
2017-02-11,EK,1558
2017-02-11,EL,1591
2017-02-11,EM,1019
2017-02-11,F,749
2017-02-11,G,284
2017-02-12,EK,1642
2017-02-12,EL,1929
2017-02-12,EM,1068
2017-02-12,F,986
2017-02-12,G,314
2017-02-13,EK,1791
2017-02-13,EL,1651
2017-02-13,EM,993
2017-02-13,F,1464
2017-02-13,G,490
2017-02-14,EK,1243
2017-02-14,EL,1402
2017-02-14,EM,655
2017-02-14,F,1505
2017-02-14,G,401
2017-02-15,EK,1288
2017-02-15,EL,1371
2017-02-15,EM,737
2017-02-15,F,1722
2017-02-15,G,468
2017-02-16,EK,1132
2017-02-16,EL,1108
2017-02-16,EM,733
2017-02-16,F,1919
2017-02-16,G,412
2017-02-17,EK,1510
2017-02-17,EL,1455
2017-02-17,EM,750
2017-02-17,F,1873
2017-02-17,G,497
2017-02-18,EK,1425
2017-02-18,EL,1563
2017-02-18,EM,857
2017-02-18,F,798
2017-02-18,G,254
2017-02-19,EK,1630
2017-02-19,EL,1770
2017-02-19,EM,1027
2017-02-19,F,1105
2017-02-19,G,340
2017-02-20,EK,1782
2017-02-20,EL,2054
2017-02-20,EM,1062
2017-02-20,F,1364
2017-02-20,G,510
2017-02-21,EK,1357
2017-02-21,EL,1253
2017-02-21,EM,912
2017-02-21,F,1522
2017-02-21,G,478
2017-02-22,EK,1229
2017-02-22,EL,1348
2017-02-22,EM,713
2017-02-22,F,1736
2017-02-22,G,462
2017-02-23,EK,1332
2017-02-23,EL,1225
2017-02-23,EM,720
2017-02-23,F,1821
2017-02-23,G,473
2017-02-24,EK,1491
2017-02-24,EL,1509
2017-02-24,EM,816
2017-02-24,F,2095
2017-02-24,G,484
2017-02-25,EK,1418
2017-02-25,EL,1453
2017-02-25,EM,848
2017-02-25,F,1417
2017-02-25,G,278
2017-02-26,EK,1694
2017-02-26,EL,1720
2017-02-26,EM,1004
2017-02-26,F,1656
2017-02-26,G,313
2017-02-27,EK,1702
2017-02-27,EL,2020
2017-02-27,EM,882
2017-02-27,F,1959
2017-02-27,G,509
2017-02-28,EK,1524
2017-02-28,EL,1548
2017-02-28,EM,610
2017-02-28,F,1786
2017-02-28,G,478
2017-03-01,EK,1565
2017-03-01,EL,1275
2017-03-01,EM,711
2017-03-01,F,1689
2017-03-01,G,429
2017-03-02,EK,1423
2017-03-02,EL,1189
2017-03-02,EM,760
2017-03-02,F,1731
2017-03-02,G,560
2017-03-03,EK,1608
2017-03-03,EL,1694
2017-03-03,EM,762
2017-03-03,F,1766
2017-03-03,G,543
2017-03-04,EK,1565
2017-03-04,EL,1586
2017-03-04,EM,907
2017-03-04,F,1281
2017-03-04,G,331
2017-03-05,EK,1826
2017-03-05,EL,1814
2017-03-05,EM,1290
2017-03-05,F,1413
2017-03-05,G,438
2017-03-06,EK,1930
2017-03-06,EL,1912
2017-03-06,EM,970
2017-03-06,F,1958
2017-03-06,G,660
2017-03-07,EK,1282
2017-03-07,EL,1405
2017-03-07,EM,946
2017-03-07,F,1530
2017-03-07,G,534
2017-03-08,EK,1553
2017-03-08,EL,1392
2017-03-08,EM,593
2017-03-08,F,1829
2017-03-08,G,478
2017-03-09,EK,1316
2017-03-09,EL,1222
2017-03-09,EM,742
2017-03-09,F,2051
2017-03-09,G,435
2017-03-10,EK,1548
2017-03-10,EL,1523
2017-03-10,EM,707
2017-03-10,F,2018
2017-03-10,G,541
2017-03-11,EK,1322
2017-03-11,EL,1665
2017-03-11,EM,1018
2017-03-11,F,1405
2017-03-11,G,285
2017-03-12,EK,1749
2017-03-12,EL,2003
2017-03-12,EM,1038
2017-03-12,F,1359
2017-03-12,G,421
2017-03-13,EK,1940
2017-03-13,EL,2085
2017-03-13,EM,1205
2017-03-13,F,1916
2017-03-13,G,623
2017-03-14,EK,733
2017-03-14,EL,669
2017-03-14,EM,618
2017-03-14,F,558
2017-03-14,G,295
2017-03-15,EK,1314
2017-03-15,EL,1621
2017-03-15,EM,626
2017-03-15,F,1776
2017-03-15,G,520
2017-03-16,EK,1424
2017-03-16,EL,1187
2017-03-16,EM,770
2017-03-16,F,2032
2017-03-16,G,578
2017-03-17,EK,1594
2017-03-17,EL,1402
2017-03-17,EM,827
2017-03-17,F,1989
2017-03-17,G,769
2017-03-18,EK,1395
2017-03-18,EL,1245
2017-03-18,EM,889
2017-03-18,F,1228
2017-03-18,G,424
2017-03-19,EK,1553
2017-03-19,EL,1678
2017-03-19,EM,1105
2017-03-19,F,1299
2017-03-19,G,526
2017-03-20,EK,1845
2017-03-20,EL,1714
2017-03-20,EM,1085
2017-03-20,F,1850
2017-03-20,G,661
2017-03-21,EK,1456
2017-03-21,EL,1638
2017-03-21,EM,828
2017-03-21,F,1896
2017-03-21,G,589
2017-03-22,EK,1359
2017-03-22,EL,1392
2017-03-22,EM,801
2017-03-22,F,1738
2017-03-22,G,580
2017-03-23,EK,1417
2017-03-23,EL,1104
2017-03-23,EM,788
2017-03-23,F,1764
2017-03-23,G,429
2017-03-24,EK,1470
2017-03-24,EL,1485
2017-03-24,EM,798
2017-03-24,F,2189
2017-03-24,G,631
2017-03-25,EK,1656
2017-03-25,EL,1345
2017-03-25,EM,869
2017-03-25,F,1372
2017-03-25,G,274
2017-03-26,EK,1505
2017-03-26,EL,1950
2017-03-26,EM,1356
2017-03-26,F,1550
2017-03-26,G,380
2017-03-27,EK,1675
2017-03-27,EL,2188
2017-03-27,EM,1129
2017-03-27,F,2129
2017-03-27,G,576
2017-03-28,EK,1444
2017-03-28,EL,1339
2017-03-28,EM,884
2017-03-28,F,1876
2017-03-28,G,532
2017-03-29,EK,1341
2017-03-29,EL,1464
2017-03-29,EM,790
2017-03-29,F,1944
2017-03-29,G,473
2017-03-30,EK,1281
2017-03-30,EL,1425
2017-03-30,EM,955
2017-03-30,F,1843
2017-03-30,G,504
2017-03-31,EK,1584
2017-03-31,EL,1733
2017-03-31,EM,1047
2017-03-31,F,2057
2017-03-31,G,589
2017-04-01,EK,1222
2017-04-01,EL,1876
2017-04-01,EM,1298
2017-04-01,F,1351
2017-04-01,G,292
2017-04-02,EK,1512
2017-04-02,EL,1837
2017-04-02,EM,1073
2017-04-02,F,1599
2017-04-02,G,428
2017-04-03,EK,1846
2017-04-03,EL,2063
2017-04-03,EM,1120
2017-04-03,F,2163
2017-04-03,G,590
2017-04-04,EK,1577
2017-04-04,EL,1471
2017-04-04,EM,775
2017-04-04,F,1925
2017-04-04,G,445
2017-04-05,EK,1253
2017-04-05,EL,1484
2017-04-05,EM,842
2017-04-05,F,1818
2017-04-05,G,518
2017-04-06,EK,1278
2017-04-06,EL,1410
2017-04-06,EM,969
2017-04-06,F,2403
2017-04-06,G,492
2017-04-07,EK,1518
2017-04-07,EL,1491
2017-04-07,EM,848
2017-04-07,F,2294
2017-04-07,G,293
2017-04-08,EK,1501
2017-04-08,EL,1421
2017-04-08,EM,990
2017-04-08,F,1709
2017-04-08,G,143
2017-04-09,EK,1753
2017-04-09,EL,1757
2017-04-09,EM,1086
2017-04-09,F,1522
2017-04-09,G,341
2017-04-10,EK,1695
2017-04-10,EL,1760
2017-04-10,EM,836
2017-04-10,F,2166
2017-04-10,G,533
2017-04-11,EK,1249
2017-04-11,EL,1378
2017-04-11,EM,684
2017-04-11,F,1855
2017-04-11,G,384
2017-04-12,EK,1388
2017-04-12,EL,1231
2017-04-12,EM,722
2017-04-12,F,2046
2017-04-12,G,362
2017-04-13,EK,1329
2017-04-13,EL,1268
2017-04-13,EM,822
2017-04-13,F,2166
2017-04-13,G,389
2017-04-14,EK,1240
2017-04-14,EL,1319
2017-04-14,EM,829
2017-04-14,F,2263
2017-04-14,G,389
2017-04-15,EK,1154
2017-04-15,EL,1113
2017-04-15,EM,926
2017-04-15,F,1294
2017-04-15,G,195
2017-04-16,EK,1145
2017-04-16,EL,1269
2017-04-16,EM,823
2017-04-16,F,1047
2017-04-16,G,165
2017-04-17,EK,1437
2017-04-17,EL,1685
2017-04-17,EM,1011
2017-04-17,F,1481
2017-04-17,G,287
2017-04-18,EK,1610
2017-04-18,EL,1761
2017-04-18,EM,1040
2017-04-18,F,2456
2017-04-18,G,554
2017-04-19,EK,1333
2017-04-19,EL,1309
2017-04-19,EM,722
2017-04-19,F,2509
2017-04-19,G,525
2017-04-20,EK,1235
2017-04-20,EL,951
2017-04-20,EM,698
2017-04-20,F,2362
2017-04-20,G,449
2017-04-21,EK,1147
2017-04-21,EL,1160
2017-04-21,EM,879
2017-04-21,F,2363
2017-04-21,G,431
2017-04-22,EK,1621
2017-04-22,EL,1053
2017-04-22,EM,942
2017-04-22,F,1554
2017-04-22,G,262
2017-04-23,EK,1762
2017-04-23,EL,1584
2017-04-23,EM,1226
2017-04-23,F,1871
2017-04-23,G,449
2017-04-24,EK,1784
2017-04-24,EL,1786
2017-04-24,EM,1304
2017-04-24,F,2703
2017-04-24,G,622
2017-04-25,EK,1577
2017-04-25,EL,1235
2017-04-25,EM,877
2017-04-25,F,2337
2017-04-25,G,540
2017-04-26,EK,1406
2017-04-26,EL,1168
2017-04-26,EM,848
2017-04-26,F,2509
2017-04-26,G,537
2017-04-27,EK,1460
2017-04-27,EL,1124
2017-04-27,EM,912
2017-04-27,F,2711
2017-04-27,G,513
2017-04-28,EK,1554
2017-04-28,EL,1253
2017-04-28,EM,1072
2017-04-28,F,2942
2017-04-28,G,650
2017-04-29,EK,1420
2017-04-29,EL,1123
2017-04-29,EM,1037
2017-04-29,F,1964
2017-04-29,G,410
2017-04-30,EK,1443
2017-04-30,EL,1116
2017-04-30,EM,1058
2017-04-30,F,1549
2017-04-30,G,307
2017-05-01,EK,1398
2017-05-01,EL,1287
2017-05-01,EM,1032
2017-05-01,F,1821
2017-05-01,G,356
2017-05-02,EK,1681
2017-05-02,EL,1354
2017-05-02,EM,992
2017-05-02,F,2488
2017-05-02,G,585
2017-05-03,EK,1525
2017-05-03,EL,1111
2017-05-03,EM,808
2017-05-03,F,2115
2017-05-03,G,530
2017-05-04,EK,1260
2017-05-04,EL,1125
2017-05-04,EM,746
2017-05-04,F,2417
2017-05-04,G,592
2017-05-05,EK,1508
2017-05-05,EL,1156
2017-05-05,EM,963
2017-05-05,F,2660
2017-05-05,G,570
2017-05-06,EK,1590
2017-05-06,EL,1252
2017-05-06,EM,1047
2017-05-06,F,1579
2017-05-06,G,311
2017-05-07,EK,1712
2017-05-07,EL,1507
2017-05-07,EM,1117
2017-05-07,F,1740
2017-05-07,G,377
2017-05-08,EK,1820
2017-05-08,EL,1542
2017-05-08,EM,1018
2017-05-08,F,2087
2017-05-08,G,429
2017-05-09,EK,1735
2017-05-09,EL,1437
2017-05-09,EM,924
2017-05-09,F,2791
2017-05-09,G,675
2017-05-10,EK,1424
2017-05-10,EL,1275
2017-05-10,EM,832
2017-05-10,F,2467
2017-05-10,G,479
2017-05-11,EK,1319
2017-05-11,EL,1023
2017-05-11,EM,889
2017-05-11,F,2555
2017-05-11,G,556
2017-05-12,EK,1761
2017-05-12,EL,1192
2017-05-12,EM,872
2017-05-12,F,2496
2017-05-12,G,504
2017-05-13,EK,1614
2017-05-13,EL,1330
2017-05-13,EM,1104
2017-05-13,F,1739
2017-05-13,G,377
2017-05-14,EK,1857
2017-05-14,EL,1614
2017-05-14,EM,1372
2017-05-14,F,1845
2017-05-14,G,367
2017-05-15,EK,1939
2017-05-15,EL,1701
2017-05-15,EM,1228
2017-05-15,F,2754
2017-05-15,G,662
2017-05-16,EK,1414
2017-05-16,EL,1138
2017-05-16,EM,952
2017-05-16,F,2622
2017-05-16,G,506
2017-05-17,EK,1378
2017-05-17,EL,1133
2017-05-17,EM,903
2017-05-17,F,2699
2017-05-17,G,553
2017-05-18,EK,1406
2017-05-18,EL,1051
2017-05-18,EM,978
2017-05-18,F,2803
2017-05-18,G,578
2017-05-19,EK,1606
2017-05-19,EL,1096
2017-05-19,EM,1086
2017-05-19,F,2815
2017-05-19,G,651
2017-05-20,EK,1532
2017-05-20,EL,1229
2017-05-20,EM,1085
2017-05-20,F,1959
2017-05-20,G,374
2017-05-21,EK,1904
2017-05-21,EL,1437
2017-05-21,EM,1162
2017-05-21,F,2138
2017-05-21,G,374
2017-05-22,EK,1889
2017-05-22,EL,1453
2017-05-22,EM,999
2017-05-22,F,2695
2017-05-22,G,509
2017-05-23,EK,1405
2017-05-23,EL,1071
2017-05-23,EM,828
2017-05-23,F,1953
2017-05-23,G,387
2017-05-24,EK,1699
2017-05-24,EL,1256
2017-05-24,EM,798
2017-05-24,F,2887
2017-05-24,G,536
2017-05-25,EK,1340
2017-05-25,EL,1205
2017-05-25,EM,988
2017-05-25,F,2333
2017-05-25,G,346
2017-05-26,EK,1327
2017-05-26,EL,854
2017-05-26,EM,675
2017-05-26,F,1741
2017-05-26,G,277
2017-05-27,EK,1243
2017-05-27,EL,949
2017-05-27,EM,887
2017-05-27,F,1436
2017-05-27,G,247
2017-05-28,EK,1535
2017-05-28,EL,1046
2017-05-28,EM,993
2017-05-28,F,1656
2017-05-28,G,304
2017-05-29,EK,1706
2017-05-29,EL,1600
2017-05-29,EM,1281
2017-05-29,F,2843
2017-05-29,G,689
2017-05-30,EK,1639
2017-05-30,EL,1236
2017-05-30,EM,929
2017-05-30,F,2634
2017-05-30,G,563
2017-05-31,EK,1570
2017-05-31,EL,1023
2017-05-31,EM,869
2017-05-31,F,2422
2017-05-31,G,434
2017-06-01,EK,1367
2017-06-01,EL,1126
2017-06-01,EM,911
2017-06-01,F,2723
2017-06-01,G,557
2017-06-02,EK,1695
2017-06-02,EL,940
2017-06-02,EM,860
2017-06-02,F,2596
2017-06-02,G,461
2017-06-03,EK,1525
2017-06-03,EL,1000
2017-06-03,EM,957
2017-06-03,F,1743
2017-06-03,G,284
2017-06-04,EK,1554
2017-06-04,EL,1223
2017-06-04,EM,880
2017-06-04,F,1444
2017-06-04,G,215
2017-06-05,EK,1677
2017-06-05,EL,1500
2017-06-05,EM,1137
2017-06-05,F,1877
2017-06-05,G,342
2017-06-06,EK,1587
2017-06-06,EL,1343
2017-06-06,EM,1047
2017-06-06,F,2710
2017-06-06,G,526
2017-06-07,EK,1494
2017-06-07,EL,1044
2017-06-07,EM,754
2017-06-07,F,2676
2017-06-07,G,530
2017-06-08,EK,1355
2017-06-08,EL,988
2017-06-08,EM,899
2017-06-08,F,2678
2017-06-08,G,539
2017-06-09,EK,1614
2017-06-09,EL,999
2017-06-09,EM,769
2017-06-09,F,2705
2017-06-09,G,539
2017-06-10,EK,1591
2017-06-10,EL,1062
2017-06-10,EM,1047
2017-06-10,F,1778
2017-06-10,G,293
2017-06-11,EK,2086
2017-06-11,EL,1447
2017-06-11,EM,1267
2017-06-11,F,2074
2017-06-11,G,421
2017-06-12,EK,2222
2017-06-12,EL,1366
2017-06-12,EM,1092
2017-06-12,F,3066
2017-06-12,G,630
2017-06-13,EK,1505
2017-06-13,EL,1100
2017-06-13,EM,884
2017-06-13,F,2562
2017-06-13,G,497
2017-06-14,EK,1546
2017-06-14,EL,1194
2017-06-14,EM,892
2017-06-14,F,2414
2017-06-14,G,455
2017-06-15,EK,1594
2017-06-15,EL,1003
2017-06-15,EM,724
2017-06-15,F,2798
2017-06-15,G,495
2017-06-16,EK,1459
2017-06-16,EL,1076
2017-06-16,EM,934
2017-06-16,F,2875
2017-06-16,G,509
2017-06-17,EK,1615
2017-06-17,EL,1076
2017-06-17,EM,818
2017-06-17,F,1787
2017-06-17,G,240
2017-06-18,EK,1834
2017-06-18,EL,1409
2017-06-18,EM,1041
2017-06-18,F,2066
2017-06-18,G,339
2017-06-19,EK,1932
2017-06-19,EL,1500
2017-06-19,EM,1075
2017-06-19,F,2687
2017-06-19,G,636
2017-06-20,EK,1553
2017-06-20,EL,1209
2017-06-20,EM,779
2017-06-20,F,2646
2017-06-20,G,552
2017-06-21,EK,1604
2017-06-21,EL,1138
2017-06-21,EM,855
2017-06-21,F,3080
2017-06-21,G,602
2017-06-22,EK,1655
2017-06-22,EL,1047
2017-06-22,EM,962
2017-06-22,F,3141
2017-06-22,G,609
2017-06-23,EK,1656
2017-06-23,EL,1300
2017-06-23,EM,971
2017-06-23,F,3338
2017-06-23,G,580
2017-06-24,EK,1453
2017-06-24,EL,1147
2017-06-24,EM,818
2017-06-24,F,1654
2017-06-24,G,331
2017-06-25,EK,1861
2017-06-25,EL,1123
2017-06-25,EM,941
2017-06-25,F,2081
2017-06-25,G,383
2017-06-26,EK,1838
2017-06-26,EL,1441
2017-06-26,EM,1184
2017-06-26,F,3009
2017-06-26,G,703
2017-06-27,EK,1762
2017-06-27,EL,1085
2017-06-27,EM,661
2017-06-27,F,2548
2017-06-27,G,440
2017-06-28,EK,1590
2017-06-28,EL,1091
2017-06-28,EM,720
2017-06-28,F,2640
2017-06-28,G,553
2017-06-29,EK,1574
2017-06-29,EL,999
2017-06-29,EM,915
2017-06-29,F,2852
2017-06-29,G,532
2017-06-30,EK,1343
2017-06-30,EL,1145
2017-06-30,EM,698
2017-06-30,F,2960
2017-06-30,G,609
2017-07-01,EK,1647
2017-07-01,EL,1211
2017-07-01,EM,712
2017-07-01,F,1908
2017-07-01,G,346
2017-07-02,EK,1633
2017-07-02,EL,1519
2017-07-02,EM,886
2017-07-02,F,2057
2017-07-02,G,353
2017-07-03,EK,1705
2017-07-03,EL,1626
2017-07-03,EM,1121
2017-07-03,F,2873
2017-07-03,G,555
2017-07-04,EK,1624
2017-07-04,EL,1212
2017-07-04,EM,817
2017-07-04,F,2567
2017-07-04,G,489
2017-07-05,EK,1712
2017-07-05,EL,1083
2017-07-05,EM,875
2017-07-05,F,2590
2017-07-05,G,545
2017-07-06,EK,1431
2017-07-06,EL,1134
2017-07-06,EM,679
2017-07-06,F,2801
2017-07-06,G,475
2017-07-07,EK,1487
2017-07-07,EL,1048
2017-07-07,EM,786
2017-07-07,F,2618
2017-07-07,G,558
2017-07-08,EK,1401
2017-07-08,EL,1256
2017-07-08,EM,1002
2017-07-08,F,1793
2017-07-08,G,222
2017-07-09,EK,1753
2017-07-09,EL,1269
2017-07-09,EM,1196
2017-07-09,F,1963
2017-07-09,G,336
2017-07-10,EK,1748
2017-07-10,EL,1539
2017-07-10,EM,1007
2017-07-10,F,2652
2017-07-10,G,627
2017-07-11,EK,1303
2017-07-11,EL,1307
2017-07-11,EM,967
2017-07-11,F,2453
2017-07-11,G,454
2017-07-12,EK,1235
2017-07-12,EL,1225
2017-07-12,EM,861
2017-07-12,F,2596
2017-07-12,G,450
2017-07-13,EK,1435
2017-07-13,EL,1112
2017-07-13,EM,1009
2017-07-13,F,3101
2017-07-13,G,295
2017-07-14,EK,1405
2017-07-14,EL,1144
2017-07-14,EM,1104
2017-07-14,F,2122
2017-07-14,G,264
2017-07-15,EK,1443
2017-07-15,EL,1135
2017-07-15,EM,1092
2017-07-15,F,1688
2017-07-15,G,166
2017-07-16,EK,1675
2017-07-16,EL,1529
2017-07-16,EM,1117
2017-07-16,F,1808
2017-07-16,G,249
2017-07-17,EK,1771
2017-07-17,EL,1595
2017-07-17,EM,1256
2017-07-17,F,2524
2017-07-17,G,318
2017-07-18,EK,1507
2017-07-18,EL,1231
2017-07-18,EM,925
2017-07-18,F,2334
2017-07-18,G,283
2017-07-19,EK,1569
2017-07-19,EL,1160
2017-07-19,EM,825
2017-07-19,F,2315
2017-07-19,G,426
2017-07-20,EK,1493
2017-07-20,EL,1134
2017-07-20,EM,838
2017-07-20,F,2517
2017-07-20,G,439
2017-07-21,EK,1417
2017-07-21,EL,1129
2017-07-21,EM,1170
2017-07-21,F,2682
2017-07-21,G,492
2017-07-22,EK,1407
2017-07-22,EL,1257
2017-07-22,EM,1156
2017-07-22,F,2053
2017-07-22,G,286
2017-07-23,EK,1772
2017-07-23,EL,1324
2017-07-23,EM,1307
2017-07-23,F,1866
2017-07-23,G,339
2017-07-24,EK,1672
2017-07-24,EL,1407
2017-07-24,EM,1187
2017-07-24,F,2237
2017-07-24,G,438
2017-07-25,EK,1432
2017-07-25,EL,1188
2017-07-25,EM,915
2017-07-25,F,2025
2017-07-25,G,404
2017-07-26,EK,1556
2017-07-26,EL,1042
2017-07-26,EM,887
2017-07-26,F,2246
2017-07-26,G,418
2017-07-27,EK,1529
2017-07-27,EL,973
2017-07-27,EM,1002
2017-07-27,F,2395
2017-07-27,G,395
2017-07-28,EK,1642
2017-07-28,EL,1189
2017-07-28,EM,1067
2017-07-28,F,2600
2017-07-28,G,465
2017-07-29,EK,1688
2017-07-29,EL,1110
2017-07-29,EM,1276
2017-07-29,F,2167
2017-07-29,G,336
2017-07-30,EK,1578
2017-07-30,EL,1459
2017-07-30,EM,1310
2017-07-30,F,1689
2017-07-30,G,302
2017-07-31,EK,1646
2017-07-31,EL,1512
2017-07-31,EM,1148
2017-07-31,F,1882
2017-07-31,G,331
2017-08-01,EK,1511
2017-08-01,EL,1020
2017-08-01,EM,1015
2017-08-01,F,1737
2017-08-01,G,335
2017-08-02,EK,1419
2017-08-02,EL,982
2017-08-02,EM,1029
2017-08-02,F,1847
2017-08-02,G,239
2017-08-03,EK,1143
2017-08-03,EL,1086
2017-08-03,EM,1014
2017-08-03,F,1946
2017-08-03,G,346
2017-08-04,EK,1403
2017-08-04,EL,974
2017-08-04,EM,1125
2017-08-04,F,2040
2017-08-04,G,369
2017-08-05,EK,1544
2017-08-05,EL,1134
2017-08-05,EM,1105
2017-08-05,F,1830
2017-08-05,G,221
2017-08-06,EK,1462
2017-08-06,EL,1352
2017-08-06,EM,1104
2017-08-06,F,1582
2017-08-06,G,269
2017-08-07,EK,1403
2017-08-07,EL,1279
2017-08-07,EM,1043
2017-08-07,F,1524
2017-08-07,G,323
2017-08-08,EK,1400
2017-08-08,EL,951
2017-08-08,EM,867
2017-08-08,F,1451
2017-08-08,G,193
2017-08-09,EK,1434
2017-08-09,EL,964
2017-08-09,EM,765
2017-08-09,F,1556
2017-08-09,G,178
2017-08-10,EK,1270
2017-08-10,EL,940
2017-08-10,EM,775
2017-08-10,F,1770
2017-08-10,G,279
2017-08-11,EK,1239
2017-08-11,EL,982
2017-08-11,EM,1015
2017-08-11,F,1994
2017-08-11,G,358
2017-08-12,EK,1360
2017-08-12,EL,1054
2017-08-12,EM,1059
2017-08-12,F,1751
2017-08-12,G,317
2017-08-13,EK,1333
2017-08-13,EL,1353
2017-08-13,EM,1044
2017-08-13,F,1504
2017-08-13,G,227
2017-08-14,EK,1428
2017-08-14,EL,1029
2017-08-14,EM,1062
2017-08-14,F,1415
2017-08-14,G,266
2017-08-15,EK,1205
2017-08-15,EL,1064
2017-08-15,EM,816
2017-08-15,F,1335
2017-08-15,G,199
2017-08-16,EK,1512
2017-08-16,EL,983
2017-08-16,EM,881
2017-08-16,F,1624
2017-08-16,G,240
2017-08-17,EK,1176
2017-08-17,EL,1136
2017-08-17,EM,723
2017-08-17,F,1489
2017-08-17,G,268
2017-08-18,EK,1343
2017-08-18,EL,965
2017-08-18,EM,760
2017-08-18,F,1603
2017-08-18,G,284
2017-08-19,EK,1689
2017-08-19,EL,984
2017-08-19,EM,997
2017-08-19,F,1567
2017-08-19,G,252
2017-08-20,EK,1680
2017-08-20,EL,1274
2017-08-20,EM,1060
2017-08-20,F,1532
2017-08-20,G,252
2017-08-21,EK,1573
2017-08-21,EL,1273
2017-08-21,EM,974
2017-08-21,F,1825
2017-08-21,G,410
2017-08-22,EK,1461
2017-08-22,EL,864
2017-08-22,EM,848
2017-08-22,F,1697
2017-08-22,G,257
2017-08-23,EK,1208
2017-08-23,EL,1058
2017-08-23,EM,762
2017-08-23,F,1833
2017-08-23,G,331
2017-08-24,EK,1298
2017-08-24,EL,853
2017-08-24,EM,687
2017-08-24,F,2055
2017-08-24,G,385
2017-08-25,EK,1412
2017-08-25,EL,901
2017-08-25,EM,806
2017-08-25,F,2099
2017-08-25,G,424
2017-08-26,EK,1262
2017-08-26,EL,1121
2017-08-26,EM,878
2017-08-26,F,1723
2017-08-26,G,314
2017-08-27,EK,1783
2017-08-27,EL,1246
2017-08-27,EM,1010
2017-08-27,F,1736
2017-08-27,G,292
2017-08-28,EK,1695
2017-08-28,EL,1298
2017-08-28,EM,1134
2017-08-28,F,2373
2017-08-28,G,505
2017-08-29,EK,1229
2017-08-29,EL,1123
2017-08-29,EM,783
2017-08-29,F,2160
2017-08-29,G,430
2017-08-30,EK,1224
2017-08-30,EL,1039
2017-08-30,EM,784
2017-08-30,F,2292
2017-08-30,G,447
2017-08-31,EK,1388
2017-08-31,EL,852
2017-08-31,EM,717
2017-08-31,F,2322
2017-08-31,G,473
2017-09-01,EK,1306
2017-09-01,EL,915
2017-09-01,EM,947
2017-09-01,F,2511
2017-09-01,G,486
2017-09-02,EK,1633
2017-09-02,EL,755
2017-09-02,EM,997
2017-09-02,F,1732
2017-09-02,G,297
2017-09-03,EK,1787
2017-09-03,EL,1052
2017-09-03,EM,1123
2017-09-03,F,1774
2017-09-03,G,290
2017-09-04,EK,2033
2017-09-04,EL,1288
2017-09-04,EM,1084
2017-09-04,F,2468
2017-09-04,G,524
2017-09-05,EK,1643
2017-09-05,EL,1035
2017-09-05,EM,1065
2017-09-05,F,2326
2017-09-05,G,390
2017-09-06,EK,1522
2017-09-06,EL,914
2017-09-06,EM,998
2017-09-06,F,2575
2017-09-06,G,531
2017-09-07,EK,1370
2017-09-07,EL,993
2017-09-07,EM,891
2017-09-07,F,2841
2017-09-07,G,499
2017-09-08,EK,1427
2017-09-08,EL,1026
2017-09-08,EM,790
2017-09-08,F,2886
2017-09-08,G,491
2017-09-09,EK,1529
2017-09-09,EL,1173
2017-09-09,EM,1163
2017-09-09,F,1823
2017-09-09,G,316
2017-09-10,EK,1930
2017-09-10,EL,1640
2017-09-10,EM,1125
2017-09-10,F,2307
2017-09-10,G,395
2017-09-11,EK,1948
2017-09-11,EL,1562
2017-09-11,EM,1201
2017-09-11,F,3007
2017-09-11,G,758
2017-09-12,EK,1794
2017-09-12,EL,1068
2017-09-12,EM,1037
2017-09-12,F,2632
2017-09-12,G,563
2017-09-13,EK,1696
2017-09-13,EL,1008
2017-09-13,EM,912
2017-09-13,F,2651
2017-09-13,G,657
2017-09-14,EK,1437
2017-09-14,EL,1107
2017-09-14,EM,851
2017-09-14,F,3090
2017-09-14,G,574
2017-09-15,EK,1579
2017-09-15,EL,1118
2017-09-15,EM,1060
2017-09-15,F,3165
2017-09-15,G,635
2017-09-16,EK,1740
2017-09-16,EL,1235
2017-09-16,EM,1066
2017-09-16,F,1833
2017-09-16,G,339
2017-09-17,EK,1909
2017-09-17,EL,1579
2017-09-17,EM,1276
2017-09-17,F,2099
2017-09-17,G,443
2017-09-18,EK,1975
2017-09-18,EL,1557
2017-09-18,EM,1193
2017-09-18,F,2809
2017-09-18,G,758
2017-09-19,EK,1799
2017-09-19,EL,1163
2017-09-19,EM,1044
2017-09-19,F,2739
2017-09-19,G,514
2017-09-20,EK,1537
2017-09-20,EL,1066
2017-09-20,EM,1002
2017-09-20,F,2848
2017-09-20,G,544
2017-09-21,EK,1624
2017-09-21,EL,1071
2017-09-21,EM,993
2017-09-21,F,3121
2017-09-21,G,553
2017-09-22,EK,1562
2017-09-22,EL,1332
2017-09-22,EM,1012
2017-09-22,F,3284
2017-09-22,G,569
2017-09-23,EK,1657
2017-09-23,EL,1295
2017-09-23,EM,1008
2017-09-23,F,1946
2017-09-23,G,356
2017-09-24,EK,1837
2017-09-24,EL,1506
2017-09-24,EM,1287
2017-09-24,F,2076
2017-09-24,G,426
2017-09-25,EK,2274
2017-09-25,EL,1427
2017-09-25,EM,1206
2017-09-25,F,3076
2017-09-25,G,713
2017-09-26,EK,1636
2017-09-26,EL,1262
2017-09-26,EM,913
2017-09-26,F,2689
2017-09-26,G,564
2017-09-27,EK,1686
2017-09-27,EL,942
2017-09-27,EM,1008
2017-09-27,F,2743
2017-09-27,G,606
2017-09-28,EK,1517
2017-09-28,EL,987
2017-09-28,EM,899
2017-09-28,F,3054
2017-09-28,G,597
2017-09-29,EK,1684
2017-09-29,EL,1014
2017-09-29,EM,1105
2017-09-29,F,3323
2017-09-29,G,615
2017-09-30,EK,1521
2017-09-30,EL,1061
2017-09-30,EM,1168
2017-09-30,F,2112
2017-09-30,G,341
2017-10-01,EK,1648
2017-10-01,EL,1479
2017-10-01,EM,1254
2017-10-01,F,2166
2017-10-01,G,264
2017-10-02,EK,1932
2017-10-02,EL,1601
2017-10-02,EM,1093
2017-10-02,F,2790
2017-10-02,G,412
2017-10-03,EK,1743
2017-10-03,EL,1027
2017-10-03,EM,1054
2017-10-03,F,2789
2017-10-03,G,551
2017-10-04,EK,1763
2017-10-04,EL,1165
2017-10-04,EM,970
2017-10-04,F,2828
2017-10-04,G,634
2017-10-05,EK,1650
2017-10-05,EL,1044
2017-10-05,EM,1000
2017-10-05,F,3056
2017-10-05,G,539
2017-10-06,EK,1673
2017-10-06,EL,1292
2017-10-06,EM,905
2017-10-06,F,2958
2017-10-06,G,590
2017-10-07,EK,1626
2017-10-07,EL,1140
2017-10-07,EM,1062
2017-10-07,F,1960
2017-10-07,G,338
2017-10-08,EK,2044
2017-10-08,EL,1383
2017-10-08,EM,1390
2017-10-08,F,2089
2017-10-08,G,425
2017-10-09,EK,2371
2017-10-09,EL,1546
2017-10-09,EM,1338
2017-10-09,F,3165
2017-10-09,G,707
2017-10-10,EK,1837
2017-10-10,EL,989
2017-10-10,EM,1077
2017-10-10,F,2393
2017-10-10,G,523
2017-10-11,EK,1832
2017-10-11,EL,1237
2017-10-11,EM,1008
2017-10-11,F,2868
2017-10-11,G,645
2017-10-12,EK,1708
2017-10-12,EL,1122
2017-10-12,EM,977
2017-10-12,F,2934
2017-10-12,G,588
2017-10-13,EK,1689
2017-10-13,EL,1128
2017-10-13,EM,1224
2017-10-13,F,3073
2017-10-13,G,653
2017-10-14,EK,1939
2017-10-14,EL,1285
2017-10-14,EM,1083
2017-10-14,F,2046
2017-10-14,G,283
2017-10-15,EK,2097
2017-10-15,EL,1504
2017-10-15,EM,1411
2017-10-15,F,2243
2017-10-15,G,407
2017-10-16,EK,2141
2017-10-16,EL,1606
2017-10-16,EM,1321
2017-10-16,F,3050
2017-10-16,G,740
2017-10-17,EK,1778
2017-10-17,EL,1340
2017-10-17,EM,1015
2017-10-17,F,2658
2017-10-17,G,581
2017-10-18,EK,1550
2017-10-18,EL,1372
2017-10-18,EM,989
2017-10-18,F,2913
2017-10-18,G,602
2017-10-19,EK,1628
2017-10-19,EL,1161
2017-10-19,EM,922
2017-10-19,F,2970
2017-10-19,G,648
2017-10-20,EK,1589
2017-10-20,EL,1357
2017-10-20,EM,1125
2017-10-20,F,3223
2017-10-20,G,669
2017-10-21,EK,1907
2017-10-21,EL,1180
2017-10-21,EM,1326
2017-10-21,F,2131
2017-10-21,G,369
2017-10-22,EK,2072
2017-10-22,EL,1776
2017-10-22,EM,1316
2017-10-22,F,2292
2017-10-22,G,478
2017-10-23,EK,2237
2017-10-23,EL,1640
2017-10-23,EM,1294
2017-10-23,F,2977
2017-10-23,G,733
2017-10-24,EK,1787
2017-10-24,EL,1204
2017-10-24,EM,1086
2017-10-24,F,2587
2017-10-24,G,658
2017-10-25,EK,1666
2017-10-25,EL,1267
2017-10-25,EM,953
2017-10-25,F,2785
2017-10-25,G,522
2017-10-26,EK,1642
2017-10-26,EL,1045
2017-10-26,EM,932
2017-10-26,F,2899
2017-10-26,G,630
2017-10-27,EK,1616
2017-10-27,EL,1536
2017-10-27,EM,1043
2017-10-27,F,3129
2017-10-27,G,578
2017-10-28,EK,1727
2017-10-28,EL,1424
2017-10-28,EM,1205
2017-10-28,F,2154
2017-10-28,G,399
2017-10-29,EK,1766
2017-10-29,EL,1317
2017-10-29,EM,1123
2017-10-29,F,1927
2017-10-29,G,268
2017-10-30,EK,1824
2017-10-30,EL,1142
2017-10-30,EM,1069
2017-10-30,F,2332
2017-10-30,G,288
2017-10-31,EK,1497
2017-10-31,EL,1179
2017-10-31,EM,1061
2017-10-31,F,2040
2017-10-31,G,313
2017-11-01,EK,1597
2017-11-01,EL,1049
2017-11-01,EM,1147
2017-11-01,F,1970
2017-11-01,G,277
2017-11-02,EK,1274
2017-11-02,EL,1072
2017-11-02,EM,972
2017-11-02,F,2239
2017-11-02,G,360
2017-11-03,EK,1537
2017-11-03,EL,974
2017-11-03,EM,942
2017-11-03,F,2449
2017-11-03,G,431
2017-11-04,EK,1900
2017-11-04,EL,1141
2017-11-04,EM,937
2017-11-04,F,1706
2017-11-04,G,293
2017-11-05,EK,2004
2017-11-05,EL,1571
2017-11-05,EM,1225
2017-11-05,F,2281
2017-11-05,G,376
2017-11-06,EK,2096
2017-11-06,EL,1704
2017-11-06,EM,1194
2017-11-06,F,3292
2017-11-06,G,644
2017-11-07,EK,1733
2017-11-07,EL,1203
2017-11-07,EM,853
2017-11-07,F,2772
2017-11-07,G,504
2017-11-08,EK,1768
2017-11-08,EL,1071
2017-11-08,EM,912
2017-11-08,F,2711
2017-11-08,G,568
2017-11-09,EK,1548
2017-11-09,EL,1134
2017-11-09,EM,925
2017-11-09,F,3071
2017-11-09,G,540
2017-11-10,EK,1772
2017-11-10,EL,1223
2017-11-10,EM,1027
2017-11-10,F,3160
2017-11-10,G,664
2017-11-11,EK,1852
2017-11-11,EL,1393
2017-11-11,EM,1114
2017-11-11,F,1915
2017-11-11,G,415
2017-11-12,EK,2214
2017-11-12,EL,1588
2017-11-12,EM,1132
2017-11-12,F,2289
2017-11-12,G,484
2017-11-13,EK,2081
2017-11-13,EL,1710
2017-11-13,EM,1249
2017-11-13,F,3392
2017-11-13,G,759
2017-11-14,EK,1737
2017-11-14,EL,1240
2017-11-14,EM,875
2017-11-14,F,2775
2017-11-14,G,561
2017-11-15,EK,1777
2017-11-15,EL,1084
2017-11-15,EM,920
2017-11-15,F,2835
2017-11-15,G,563
2017-11-16,EK,1523
2017-11-16,EL,1279
2017-11-16,EM,782
2017-11-16,F,3140
2017-11-16,G,566
2017-11-17,EK,1816
2017-11-17,EL,1137
2017-11-17,EM,996
2017-11-17,F,3142
2017-11-17,G,682
2017-11-18,EK,1617
2017-11-18,EL,1306
2017-11-18,EM,996
2017-11-18,F,1927
2017-11-18,G,310
2017-11-19,EK,1797
2017-11-19,EL,1529
2017-11-19,EM,1125
2017-11-19,F,2193
2017-11-19,G,365
2017-11-20,EK,1823
2017-11-20,EL,1661
2017-11-20,EM,1055
2017-11-20,F,3050
2017-11-20,G,667
2017-11-21,EK,1647
2017-11-21,EL,1032
2017-11-21,EM,887
2017-11-21,F,2698
2017-11-21,G,557
2017-11-22,EK,1700
2017-11-22,EL,1147
2017-11-22,EM,958
2017-11-22,F,2756
2017-11-22,G,577
2017-11-23,EK,1328
2017-11-23,EL,947
2017-11-23,EM,568
2017-11-23,F,3112
2017-11-23,G,553
2017-11-24,EK,1405
2017-11-24,EL,1151
2017-11-24,EM,679
2017-11-24,F,3104
2017-11-24,G,570
2017-11-25,EK,1660
2017-11-25,EL,1365
2017-11-25,EM,1098
2017-11-25,F,1784
2017-11-25,G,338
2017-11-26,EK,2059
2017-11-26,EL,1705
2017-11-26,EM,1126
2017-11-26,F,2188
2017-11-26,G,339
2017-11-27,EK,2330
2017-11-27,EL,1542
2017-11-27,EM,1293
2017-11-27,F,3249
2017-11-27,G,710
2017-11-28,EK,1790
2017-11-28,EL,1215
2017-11-28,EM,824
2017-11-28,F,2769
2017-11-28,G,585
2017-11-29,EK,1736
2017-11-29,EL,1170
2017-11-29,EM,776
2017-11-29,F,2649
2017-11-29,G,613
2017-11-30,EK,1399
2017-11-30,EL,1071
2017-11-30,EM,771
2017-11-30,F,3121
2017-11-30,G,597
2017-12-01,EK,1811
2017-12-01,EL,1171
2017-12-01,EM,695
2017-12-01,F,3065
2017-12-01,G,646
2017-12-02,EK,1730
2017-12-02,EL,1306
2017-12-02,EM,1015
2017-12-02,F,2081
2017-12-02,G,336
2017-12-03,EK,1905
2017-12-03,EL,1728
2017-12-03,EM,1105
2017-12-03,F,2167
2017-12-03,G,368
2017-12-04,EK,1905
2017-12-04,EL,1741
2017-12-04,EM,1175
2017-12-04,F,3168
2017-12-04,G,708
2017-12-05,EK,1885
2017-12-05,EL,1239
2017-12-05,EM,659
2017-12-05,F,2622
2017-12-05,G,562
2017-12-06,EK,1654
2017-12-06,EL,1105
2017-12-06,EM,826
2017-12-06,F,2546
2017-12-06,G,559
2017-12-07,EK,1613
2017-12-07,EL,932
2017-12-07,EM,729
2017-12-07,F,2842
2017-12-07,G,551
2017-12-08,EK,1733
2017-12-08,EL,1079
2017-12-08,EM,781
2017-12-08,F,2936
2017-12-08,G,629
2017-12-09,EK,1592
2017-12-09,EL,1197
2017-12-09,EM,971
2017-12-09,F,1932
2017-12-09,G,423
2017-12-10,EK,1931
2017-12-10,EL,1443
2017-12-10,EM,945
2017-12-10,F,2130
2017-12-10,G,476
2017-12-11,EK,1818
2017-12-11,EL,1781
2017-12-11,EM,1156
2017-12-11,F,3177
2017-12-11,G,717
2017-12-12,EK,1729
2017-12-12,EL,1187
2017-12-12,EM,819
2017-12-12,F,2985
2017-12-12,G,661
2017-12-13,EK,1558
2017-12-13,EL,1070
2017-12-13,EM,719
2017-12-13,F,2867
2017-12-13,G,582
2017-12-14,EK,1588
2017-12-14,EL,950
2017-12-14,EM,759
2017-12-14,F,3086
2017-12-14,G,619
2017-12-15,EK,1731
2017-12-15,EL,1132
2017-12-15,EM,819
2017-12-15,F,3154
2017-12-15,G,630
2017-12-16,EK,1546
2017-12-16,EL,1242
2017-12-16,EM,980
2017-12-16,F,2117
2017-12-16,G,377
2017-12-17,EK,1636
2017-12-17,EL,1222
2017-12-17,EM,961
2017-12-17,F,2038
2017-12-17,G,332
2017-12-18,EK,1395
2017-12-18,EL,1237
2017-12-18,EM,874
2017-12-18,F,2899
2017-12-18,G,557
2017-12-19,EK,1612
2017-12-19,EL,1032
2017-12-19,EM,676
2017-12-19,F,2544
2017-12-19,G,514
2017-12-20,EK,1702
2017-12-20,EL,1126
2017-12-20,EM,822
2017-12-20,F,2667
2017-12-20,G,559
2017-12-21,EK,1613
2017-12-21,EL,1274
2017-12-21,EM,958
2017-12-21,F,2889
2017-12-21,G,600
2017-12-22,EK,1919
2017-12-22,EL,1322
2017-12-22,EM,971
2017-12-22,F,2848
2017-12-22,G,512
2017-12-23,EK,1735
2017-12-23,EL,1188
2017-12-23,EM,1137
2017-12-23,F,2397
2017-12-23,G,358
2017-12-24,EK,1151
2017-12-24,EL,1038
2017-12-24,EM,961
2017-12-24,F,1557
2017-12-24,G,170
2017-12-25,EK,1297
2017-12-25,EL,1088
2017-12-25,EM,745
2017-12-25,F,1304
2017-12-25,G,113
2017-12-26,EK,1572
2017-12-26,EL,1177
2017-12-26,EM,886
2017-12-26,F,1698
2017-12-26,G,118
2017-12-27,EK,1368
2017-12-27,EL,1239
2017-12-27,EM,995
2017-12-27,F,1669
2017-12-27,G,168
2017-12-28,EK,1623
2017-12-28,EL,1187
2017-12-28,EM,795
2017-12-28,F,1746
2017-12-28,G,181
2017-12-29,EK,1439
2017-12-29,EL,1043
2017-12-29,EM,682
2017-12-29,F,1811
2017-12-29,G,208
2017-12-30,EK,1379
2017-12-30,EL,970
2017-12-30,EM,908
2017-12-30,F,1459
2017-12-30,G,230
2017-12-31,EK,1062
2017-12-31,EL,803
2017-12-31,EM,684
2017-12-31,F,1135
2017-12-31,G,134
2018-01-01,EK,1425
2018-01-01,EL,779
2018-01-01,EM,792
2018-01-01,F,1112
2018-01-01,G,138
2018-01-02,EK,1776
2018-01-02,EL,1340
2018-01-02,EM,932
2018-01-02,F,1478
2018-01-02,G,235
2018-01-03,EK,1534
2018-01-03,EL,1470
2018-01-03,EM,973
2018-01-03,F,1587
2018-01-03,G,234
2018-01-04,EK,1529
2018-01-04,EL,968
2018-01-04,EM,744
2018-01-04,F,1725
2018-01-04,G,251
2018-01-05,EK,1673
2018-01-05,EL,1223
2018-01-05,EM,1111
2018-01-05,F,1786
2018-01-05,G,254
2018-01-06,EK,1909
2018-01-06,EL,1437
2018-01-06,EM,1095
2018-01-06,F,1435
2018-01-06,G,212
2018-01-07,EK,2355
2018-01-07,EL,1534
2018-01-07,EM,1095
2018-01-07,F,1892
2018-01-07,G,326
2018-01-08,EK,2303
2018-01-08,EL,1707
2018-01-08,EM,1124
2018-01-08,F,2747
2018-01-08,G,565
2018-01-09,EK,1800
2018-01-09,EL,1182
2018-01-09,EM,1050
2018-01-09,F,2394
2018-01-09,G,452
2018-01-10,EK,1406
2018-01-10,EL,1056
2018-01-10,EM,818
2018-01-10,F,2370
2018-01-10,G,521
2018-01-11,EK,1304
2018-01-11,EL,1074
2018-01-11,EM,611
2018-01-11,F,2589
2018-01-11,G,474
2018-01-12,EK,1473
2018-01-12,EL,1163
2018-01-12,EM,747
2018-01-12,F,2785
2018-01-12,G,508
2018-01-13,EK,1765
2018-01-13,EL,1211
2018-01-13,EM,972
2018-01-13,F,1594
2018-01-13,G,253
2018-01-14,EK,1985
2018-01-14,EL,1570
2018-01-14,EM,1109
2018-01-14,F,1945
2018-01-14,G,345
2018-01-15,EK,2170
2018-01-15,EL,1745
2018-01-15,EM,1146
2018-01-15,F,2897
2018-01-15,G,656
2018-01-16,EK,1656
2018-01-16,EL,1238
2018-01-16,EM,798
2018-01-16,F,2521
2018-01-16,G,523
2018-01-17,EK,1350
2018-01-17,EL,1476
2018-01-17,EM,663
2018-01-17,F,2413
2018-01-17,G,492
2018-01-18,EK,1433
2018-01-18,EL,1168
2018-01-18,EM,606
2018-01-18,F,2811
2018-01-18,G,584
2018-01-19,EK,1522
2018-01-19,EL,1151
2018-01-19,EM,871
2018-01-19,F,2909
2018-01-19,G,676
2018-01-20,EK,1738
2018-01-20,EL,1297
2018-01-20,EM,971
2018-01-20,F,1842
2018-01-20,G,267
2018-01-21,EK,2178
2018-01-21,EL,1488
2018-01-21,EM,1223
2018-01-21,F,2136
2018-01-21,G,336
2018-01-22,EK,1910
2018-01-22,EL,1735
2018-01-22,EM,1043
2018-01-22,F,2893
2018-01-22,G,672
2018-01-23,EK,1848
2018-01-23,EL,1231
2018-01-23,EM,725
2018-01-23,F,2527
2018-01-23,G,550
2018-01-24,EK,1724
2018-01-24,EL,1309
2018-01-24,EM,741
2018-01-24,F,2577
2018-01-24,G,571
2018-01-25,EK,1442
2018-01-25,EL,1206
2018-01-25,EM,720
2018-01-25,F,2924
2018-01-25,G,605
2018-01-26,EK,1689
2018-01-26,EL,1400
2018-01-26,EM,873
2018-01-26,F,3063
2018-01-26,G,652
2018-01-27,EK,1630
2018-01-27,EL,1439
2018-01-27,EM,1019
2018-01-27,F,1899
2018-01-27,G,373
2018-01-28,EK,1993
2018-01-28,EL,1879
2018-01-28,EM,1017
2018-01-28,F,2111
2018-01-28,G,401
2018-01-29,EK,2030
2018-01-29,EL,1733
2018-01-29,EM,956
2018-01-29,F,2916
2018-01-29,G,689
2018-01-30,EK,1776
2018-01-30,EL,1186
2018-01-30,EM,718
2018-01-30,F,2520
2018-01-30,G,550
2018-01-31,EK,1656
2018-01-31,EL,1138
2018-01-31,EM,715
2018-01-31,F,2446
2018-01-31,G,521
2018-02-01,EK,1464
2018-02-01,EL,1272
2018-02-01,EM,676
2018-02-01,F,2707
2018-02-01,G,545
2018-02-02,EK,1634
2018-02-02,EL,1256
2018-02-02,EM,886
2018-02-02,F,2846
2018-02-02,G,557
2018-02-03,EK,1666
2018-02-03,EL,1433
2018-02-03,EM,972
2018-02-03,F,1862
2018-02-03,G,373
2018-02-04,EK,1751
2018-02-04,EL,1848
2018-02-04,EM,1060
2018-02-04,F,2056
2018-02-04,G,375
2018-02-05,EK,2008
2018-02-05,EL,1651
2018-02-05,EM,1114
2018-02-05,F,3023
2018-02-05,G,611
2018-02-06,EK,1476
2018-02-06,EL,1118
2018-02-06,EM,763
2018-02-06,F,2568
2018-02-06,G,521
2018-02-07,EK,1120
2018-02-07,EL,758
2018-02-07,EM,537
2018-02-07,F,1815
2018-02-07,G,4
2018-02-08,EK,1347
2018-02-08,EL,1252
2018-02-08,F,2448
2018-02-09,EK,1577
2018-02-09,EL,1372
2018-02-09,EM,752
2018-02-09,F,2614
2018-02-09,G,619
2018-02-10,EK,1536
2018-02-10,EL,1447
2018-02-10,EM,935
2018-02-10,F,2059
2018-02-10,G,342
2018-02-11,EK,1624
2018-02-11,EL,1852
2018-02-11,EM,939
2018-02-11,F,2128
2018-02-11,G,286
2018-02-12,EK,1783
2018-02-12,EL,1839
2018-02-12,EM,895
2018-02-12,F,2956
2018-02-12,G,503
2018-02-13,EK,1291
2018-02-13,EL,1282
2018-02-13,EM,771
2018-02-13,F,2645
2018-02-13,G,540
2018-02-14,EK,1403
2018-02-14,EL,1225
2018-02-14,EM,749
2018-02-14,F,2779
2018-02-14,G,485
2018-02-15,EK,1513
2018-02-15,EL,1006
2018-02-15,EM,715
2018-02-15,F,3043
2018-02-15,G,538
2018-02-16,EK,1589
2018-02-16,EL,1300
2018-02-16,EM,879
2018-02-16,F,3022
2018-02-16,G,563
2018-02-17,EK,1756
2018-02-17,EL,1557
2018-02-17,EM,997
2018-02-17,F,2111
2018-02-17,G,294
2018-02-18,EK,1826
2018-02-18,EL,1575
2018-02-18,EM,1146
2018-02-18,F,2174
2018-02-18,G,323
2018-02-19,EK,1921
2018-02-19,EL,1885
2018-02-19,EM,1122
2018-02-19,F,2928
2018-02-19,G,662
2018-02-20,EK,1577
2018-02-20,EL,1469
2018-02-20,EM,783
2018-02-20,F,2715
2018-02-20,G,576
2018-02-21,EK,1792
2018-02-21,EL,1380
2018-02-21,EM,697
2018-02-21,F,2850
2018-02-21,G,518
2018-02-22,EK,781
2018-02-22,EL,638
2018-02-22,EM,492
2018-02-22,F,1806
2018-02-22,G,543
2018-02-23,EK,1728
2018-02-23,EL,1399
2018-02-23,EM,722
2018-02-23,F,2664
2018-02-23,G,515
2018-02-24,EK,1781
2018-02-24,EL,1408
2018-02-24,EM,1025
2018-02-24,F,2172
2018-02-24,G,348
2018-02-25,EK,2010
2018-02-25,EL,1720
2018-02-25,EM,1169
2018-02-25,F,2481
2018-02-25,G,369
2018-02-26,EK,1772
2018-02-26,EL,1799
2018-02-26,EM,1109
2018-02-26,F,2990
2018-02-26,G,691
2018-02-27,EK,1635
2018-02-27,EL,1287
2018-02-27,EM,906
2018-02-27,F,2518
2018-02-27,G,545
2018-02-28,EK,1583
2018-02-28,EL,1135
2018-02-28,EM,786
2018-02-28,F,2291
2018-02-28,G,497
2018-03-01,EK,1444
2018-03-01,EL,1211
2018-03-01,EM,571
2018-03-01,F,2689
2018-03-01,G,468
2018-03-02,EK,1421
2018-03-02,EL,1204
2018-03-02,EM,947
2018-03-02,F,2748
2018-03-02,G,526
2018-03-03,EK,1883
2018-03-03,EL,1516
2018-03-03,EM,1137
2018-03-03,F,1717
2018-03-03,G,339
2018-03-04,EK,2144
2018-03-04,EL,1681
2018-03-04,EM,1080
2018-03-04,F,1994
2018-03-04,G,333
2018-03-05,EK,2072
2018-03-05,EL,1603
2018-03-05,EM,1164
2018-03-05,F,3147
2018-03-05,G,590
2018-03-06,EK,1647
2018-03-06,EL,1392
2018-03-06,EM,848
2018-03-06,F,2750
2018-03-06,G,505
2018-03-07,EK,1559
2018-03-07,EL,1270
2018-03-07,EM,850
2018-03-07,F,2874
2018-03-07,G,558
2018-03-08,EK,1484
2018-03-08,EL,1268
2018-03-08,EM,1012
2018-03-08,F,3025
2018-03-08,G,613
2018-03-09,EK,1630
2018-03-09,EL,1368
2018-03-09,EM,909
2018-03-09,F,3181
2018-03-09,G,643
2018-03-10,EK,1806
2018-03-10,EL,1517
2018-03-10,EM,1021
2018-03-10,F,1919
2018-03-10,G,360
2018-03-11,EK,2100
2018-03-11,EL,1737
2018-03-11,EM,1275
2018-03-11,F,2263
2018-03-11,G,422
2018-03-12,EK,2080
2018-03-12,EL,1594
2018-03-12,EM,1364
2018-03-12,F,3050
2018-03-12,G,669
2018-03-13,EK,1676
2018-03-13,EL,1274
2018-03-13,EM,874
2018-03-13,F,2816
2018-03-13,G,541
2018-03-14,EK,1686
2018-03-14,EL,1237
2018-03-14,EM,890
2018-03-14,F,3060
2018-03-14,G,553
2018-03-15,EK,1680
2018-03-15,EL,1107
2018-03-15,EM,888
2018-03-15,F,3134
2018-03-15,G,579
2018-03-16,EK,1706
2018-03-16,EL,1296
2018-03-16,EM,1024
2018-03-16,F,3243
2018-03-16,G,710
2018-03-17,EK,1993
2018-03-17,EL,1288
2018-03-17,EM,1017
2018-03-17,F,2083
2018-03-17,G,461
2018-03-18,EK,2029
2018-03-18,EL,1500
2018-03-18,EM,1249
2018-03-18,F,2234
2018-03-18,G,455
2018-03-19,EK,2233
2018-03-19,EL,1599
2018-03-19,EM,1305
2018-03-19,F,3249
2018-03-19,G,659
2018-03-20,EK,1589
2018-03-20,EL,1286
2018-03-20,EM,955
2018-03-20,F,2934
2018-03-20,G,680
2018-03-21,EK,1727
2018-03-21,EL,1204
2018-03-21,EM,924
2018-03-21,F,3110
2018-03-21,G,599
2018-03-22,EK,1638
2018-03-22,EL,1026
2018-03-22,EM,981
2018-03-22,F,2300
2018-03-22,G,456
2018-03-23,EK,1124
2018-03-23,EL,759
2018-03-23,EM,780
2018-03-23,F,1679
2018-03-23,G,567
2018-03-24,EK,1645
2018-03-24,EL,1424
2018-03-24,EM,997
2018-03-24,F,1811
2018-03-24,G,339
2018-03-25,EK,1888
2018-03-25,EL,1650
2018-03-25,EM,1408
2018-03-25,F,2007
2018-03-25,G,373
2018-03-26,EK,2024
2018-03-26,EL,1742
2018-03-26,EM,1149
2018-03-26,F,2716
2018-03-26,G,601
2018-03-27,EK,1520
2018-03-27,EL,1140
2018-03-27,EM,982
2018-03-27,F,2275
2018-03-27,G,523
2018-03-28,EK,1569
2018-03-28,EL,1166
2018-03-28,EM,785
2018-03-28,F,2523
2018-03-28,G,521
2018-03-29,EK,1460
2018-03-29,EL,1398
2018-03-29,EM,1069
2018-03-29,F,3080
2018-03-29,G,641
2018-03-30,EK,1069
2018-03-30,EL,991
2018-03-30,EM,778
2018-03-30,F,1736
2018-03-30,G,583
2018-03-31,EK,1230
2018-03-31,EL,1218
2018-03-31,EM,852
2018-03-31,F,1631
2018-03-31,G,306
2018-04-01,EK,1217
2018-04-01,EL,1206
2018-04-01,EM,960
2018-04-01,F,1225
2018-04-01,G,180
2018-04-02,EK,1486
2018-04-02,EL,1562
2018-04-02,EM,1054
2018-04-02,F,1769
2018-04-02,G,310
2018-04-03,EK,1071
2018-04-03,EL,913
2018-04-03,EM,714
2018-04-03,F,1316
2018-04-03,G,611
2018-04-04,EK,1419
2018-04-04,EL,1247
2018-04-04,EM,760
2018-04-04,F,2211
2018-04-04,G,389
2018-04-05,EK,1388
2018-04-05,EL,1087
2018-04-05,EM,639
2018-04-05,F,2537
2018-04-05,G,457
2018-04-06,EK,1711
2018-04-06,EL,1220
2018-04-06,EM,897
2018-04-06,F,2530
2018-04-06,G,470
2018-04-07,EK,1114
2018-04-07,EL,1240
2018-04-07,EM,753
2018-04-07,F,971
2018-04-07,G,251
2018-04-08,EK,1766
2018-04-08,EL,1796
2018-04-08,EM,1445
2018-04-08,F,2041
2018-04-08,G,388
2018-04-09,EK,1938
2018-04-09,EL,1951
2018-04-09,EM,1408
2018-04-09,F,3081
2018-04-09,G,631
2018-04-10,EK,1446
2018-04-10,EL,949
2018-04-10,EM,564
2018-04-10,F,1709
2018-04-10,G,450
2018-04-11,EK,927
2018-04-11,EL,882
2018-04-11,EM,595
2018-04-11,F,1612
2018-04-11,G,456
2018-04-12,EK,1572
2018-04-12,EL,1205
2018-04-12,EM,852
2018-04-12,F,2699
2018-04-12,G,504
2018-04-13,EK,1735
2018-04-13,EL,1432
2018-04-13,EM,1160
2018-04-13,F,2879
2018-04-13,G,703
2018-04-14,EK,2071
2018-04-14,EL,1588
2018-04-14,EM,1300
2018-04-14,F,2166
2018-04-14,G,502
2018-04-15,EK,1922
2018-04-15,EL,1822
2018-04-15,EM,1328
2018-04-15,F,2225
2018-04-15,G,460
2018-04-16,EK,2096
2018-04-16,EL,1814
2018-04-16,EM,1179
2018-04-16,F,2999
2018-04-16,G,675
2018-04-17,EK,1072
2018-04-17,EL,802
2018-04-17,EM,795
2018-04-17,F,1405
2018-04-17,G,620
2018-04-18,EK,1168
2018-04-18,EL,808
2018-04-18,EM,590
2018-04-18,F,1254
2018-04-18,G,492
2018-04-19,EK,1679
2018-04-19,EL,1133
2018-04-19,EM,950
2018-04-19,F,2769
2018-04-19,G,629
2018-04-20,EK,1707
2018-04-20,EL,1339
2018-04-20,EM,1023
2018-04-20,F,2907
2018-04-20,G,637
2018-04-21,EK,1735
2018-04-21,EL,1672
2018-04-21,EM,971
2018-04-21,F,2027
2018-04-21,G,451
2018-04-22,EK,1651
2018-04-22,EL,1851
2018-04-22,EM,1455
2018-04-22,F,2105
2018-04-22,G,471
2018-04-23,EK,1571
2018-04-23,EL,947
2018-04-23,EM,884
2018-04-23,F,1682
2018-04-23,G,663
2018-04-24,EK,1080
2018-04-24,EL,838
2018-04-24,EM,556
2018-04-24,F,1268
2018-04-24,G,488
2018-04-25,EK,1476
2018-04-25,EL,1233
2018-04-25,EM,788
2018-04-25,F,2340
2018-04-25,G,494
2018-04-26,EK,1543
2018-04-26,EL,1176
2018-04-26,EM,875
2018-04-26,F,2877
2018-04-26,G,535
2018-04-27,EK,1696
2018-04-27,EL,1404
2018-04-27,EM,1091
2018-04-27,F,3058
2018-04-27,G,744
2018-04-28,EK,1727
2018-04-28,EL,1336
2018-04-28,EM,1108
2018-04-28,F,2109
2018-04-28,G,432
2018-04-29,EK,1625
2018-04-29,EL,1411
2018-04-29,EM,1077
2018-04-29,F,1705
2018-04-29,G,283
2018-04-30,EK,1513
2018-04-30,EL,1396
2018-04-30,EM,931
2018-04-30,F,1617
2018-04-30,G,222
2018-05-01,EK,1504
2018-05-01,EL,1417
2018-05-01,EM,1110
2018-05-01,F,1756
2018-05-01,G,325
2018-05-02,EK,1640
2018-05-02,EL,1417
2018-05-02,EM,971
2018-05-02,F,2768
2018-05-02,G,611
2018-05-03,EK,1027
2018-05-03,EL,948
2018-05-03,EM,504
2018-05-03,F,1849
2018-05-03,G,427
2018-05-04,EK,1089
2018-05-04,EL,1066
2018-05-04,EM,810
2018-05-04,F,1782
2018-05-04,G,580
2018-05-05,EK,1551
2018-05-05,EL,1810
2018-05-05,EM,1140
2018-05-05,F,1945
2018-05-05,G,341
2018-05-06,EK,1792
2018-05-06,EL,1739
2018-05-06,EM,1232
2018-05-06,F,2161
2018-05-06,G,310
2018-05-07,EK,1463
2018-05-07,EL,991
2018-05-07,EM,899
2018-05-07,F,1641
2018-05-07,G,366
2018-05-08,EK,1135
2018-05-08,EL,876
2018-05-08,EM,758
2018-05-08,F,1224
2018-05-08,G,231
2018-05-09,EK,1449
2018-05-09,EL,1184
2018-05-09,EM,712
2018-05-09,F,2249
2018-05-09,G,328
2018-05-10,EK,1327
2018-05-10,EL,1050
2018-05-10,EM,864
2018-05-10,F,2065
2018-05-10,G,323
2018-05-11,EK,1246
2018-05-11,EL,1060
2018-05-11,EM,882
2018-05-11,F,1919
2018-05-11,G,369
2018-05-12,EK,1408
2018-05-12,EL,1346
2018-05-12,EM,924
2018-05-12,F,1640
2018-05-12,G,312
2018-05-13,EK,1786
2018-05-13,EL,1691
2018-05-13,EM,1020
2018-05-13,F,1950
2018-05-13,G,373
2018-05-14,EK,1904
2018-05-14,EL,1908
2018-05-14,EM,1192
2018-05-14,F,2970
2018-05-14,G,767
2018-05-15,EK,1528
2018-05-15,EL,1504
2018-05-15,EM,818
2018-05-15,F,2833
2018-05-15,G,648
2018-05-16,EK,1608
2018-05-16,EL,1095
2018-05-16,EM,794
2018-05-16,F,2800
2018-05-16,G,578
2018-05-17,EK,1593
2018-05-17,EL,1113
2018-05-17,EM,785
2018-05-17,F,2998
2018-05-17,G,659
2018-05-18,EK,1620
2018-05-18,EL,1408
2018-05-18,EM,1049
2018-05-18,F,3288
2018-05-18,G,744
2018-05-19,EK,1545
2018-05-19,EL,1293
2018-05-19,EM,1013
2018-05-19,F,2133
2018-05-19,G,424
2018-05-20,EK,1629
2018-05-20,EL,1556
2018-05-20,EM,1092
2018-05-20,F,1700
2018-05-20,G,285
2018-05-21,EK,1769
2018-05-21,EL,1610
2018-05-21,EM,1117
2018-05-21,F,2272
2018-05-21,G,404
2018-05-22,EK,1564
2018-05-22,EL,1522
2018-05-22,EM,906
2018-05-22,F,3042
2018-05-22,G,604
2018-05-23,EK,1458
2018-05-23,EL,1311
2018-05-23,EM,722
2018-05-23,F,2934
2018-05-23,G,590
2018-05-24,EK,1474
2018-05-24,EL,1035
2018-05-24,EM,692
2018-05-24,F,2960
2018-05-24,G,492
2018-05-25,EK,1768
2018-05-25,EL,1279
2018-05-25,EM,889
2018-05-25,F,3154
2018-05-25,G,619
2018-05-26,EK,1666
2018-05-26,EL,1245
2018-05-26,EM,859
2018-05-26,F,2111
2018-05-26,G,355
2018-05-27,EK,1494
2018-05-27,EL,1568
2018-05-27,EM,1107
2018-05-27,F,2163
2018-05-27,G,368
2018-05-28,EK,1844
2018-05-28,EL,1962
2018-05-28,EM,1153
2018-05-28,F,3234
2018-05-28,G,717
2018-05-29,EK,1571
2018-05-29,EL,1429
2018-05-29,EM,930
2018-05-29,F,2787
2018-05-29,G,537
2018-05-30,EK,1440
2018-05-30,EL,1342
2018-05-30,EM,928
2018-05-30,F,2802
2018-05-30,G,568
2018-05-31,EK,1440
2018-05-31,EL,1101
2018-05-31,EM,933
2018-05-31,F,2738
2018-05-31,G,504
2018-06-01,EK,1742
2018-06-01,EL,1133
2018-06-01,EM,903
2018-06-01,F,3116
2018-06-01,G,573
2018-06-02,EK,1526
2018-06-02,EL,1459
2018-06-02,EM,1046
2018-06-02,F,2050
2018-06-02,G,376
2018-06-03,EK,1845
2018-06-03,EL,1581
2018-06-03,EM,1260
2018-06-03,F,2026
2018-06-03,G,431
2018-06-04,EK,1979
2018-06-04,EL,1702
2018-06-04,EM,1425
2018-06-04,F,3094
2018-06-04,G,654
2018-06-05,EK,1682
2018-06-05,EL,1180
2018-06-05,EM,978
2018-06-05,F,2690
2018-06-05,G,618
2018-06-06,EK,1533
2018-06-06,EL,1187
2018-06-06,EM,834
2018-06-06,F,2936
2018-06-06,G,570
2018-06-07,EK,1528
2018-06-07,EL,931
2018-06-07,EM,836
2018-06-07,F,3094
2018-06-07,G,645
2018-06-08,EK,1455
2018-06-08,EL,1105
2018-06-08,EM,993
2018-06-08,F,3085
2018-06-08,G,662
2018-06-09,EK,1736
2018-06-09,EL,1181
2018-06-09,EM,1052
2018-06-09,F,2076
2018-06-09,G,431
2018-06-10,EK,1879
2018-06-10,EL,1525
2018-06-10,EM,1175
2018-06-10,F,2235
2018-06-10,G,493
2018-06-11,EK,1902
2018-06-11,EL,1628
2018-06-11,EM,1245
2018-06-11,F,3286
2018-06-11,G,739
2018-06-12,EK,1507
2018-06-12,EL,1249
2018-06-12,EM,991
2018-06-12,F,2904
2018-06-12,G,594
2018-06-13,EK,1575
2018-06-13,EL,1088
2018-06-13,EM,806
2018-06-13,F,3115
2018-06-13,G,651
2018-06-14,EK,1438
2018-06-14,EL,1156
2018-06-14,EM,802
2018-06-14,F,3304
2018-06-14,G,641
2018-06-15,EK,1624
2018-06-15,EL,1136
2018-06-15,EM,1054
2018-06-15,F,3467
2018-06-15,G,708
2018-06-16,EK,1627
2018-06-16,EL,1334
2018-06-16,EM,1085
2018-06-16,F,1938
2018-06-16,G,375
2018-06-17,EK,2107
2018-06-17,EL,1479
2018-06-17,EM,1343
2018-06-17,F,2383
2018-06-17,G,447
2018-06-18,EK,2195
2018-06-18,EL,1666
2018-06-18,EM,1470
2018-06-18,F,3410
2018-06-18,G,749
2018-06-19,EK,1912
2018-06-19,EL,1354
2018-06-19,EM,1079
2018-06-19,F,3065
2018-06-19,G,678
2018-06-20,EK,1661
2018-06-20,EL,1277
2018-06-20,EM,1009
2018-06-20,F,3027
2018-06-20,G,598
2018-06-21,EK,1544
2018-06-21,EL,1409
2018-06-21,EM,835
2018-06-21,F,3089
2018-06-21,G,574
2018-06-22,EK,1771
2018-06-22,EL,1104
2018-06-22,EM,1223
2018-06-22,F,3279
2018-06-22,G,725
2018-06-23,EK,1687
2018-06-23,EL,1398
2018-06-23,EM,1060
2018-06-23,F,1968
2018-06-23,G,391
2018-06-24,EK,2185
2018-06-24,EL,1550
2018-06-24,EM,1269
2018-06-24,F,2163
2018-06-24,G,455
2018-06-25,EK,2022
2018-06-25,EL,1844
2018-06-25,EM,1291
2018-06-25,F,3156
2018-06-25,G,653
2018-06-26,EK,1627
2018-06-26,EL,1280
2018-06-26,EM,1167
2018-06-26,F,3043
2018-06-26,G,544
2018-06-27,EK,1696
2018-06-27,EL,1162
2018-06-27,EM,1160
2018-06-27,F,2943
2018-06-27,G,617
2018-06-28,EK,1546
2018-06-28,EL,1356
2018-06-28,EM,959
2018-06-28,F,3125
2018-06-28,G,644
2018-06-29,EK,1838
2018-06-29,EL,1277
2018-06-29,EM,1135
2018-06-29,F,3153
2018-06-29,G,657
2018-06-30,EK,1766
2018-06-30,EL,1276
2018-06-30,EM,1163
2018-06-30,F,2086
2018-06-30,G,397
2018-07-01,EK,1859
2018-07-01,EL,1579
2018-07-01,EM,1163
2018-07-01,F,2238
2018-07-01,G,447
2018-07-02,EK,1911
2018-07-02,EL,1806
2018-07-02,EM,1169
2018-07-02,F,3077
2018-07-02,G,649
2018-07-03,EK,1717
2018-07-03,EL,1323
2018-07-03,EM,1003
2018-07-03,F,2838
2018-07-03,G,456
2018-07-04,EK,1649
2018-07-04,EL,1211
2018-07-04,EM,985
2018-07-04,F,2927
2018-07-04,G,593
2018-07-05,EK,1639
2018-07-05,EL,1086
2018-07-05,EM,959
2018-07-05,F,3267
2018-07-05,G,601
2018-07-06,EK,1651
2018-07-06,EL,1192
2018-07-06,EM,1075
2018-07-06,F,3133
2018-07-06,G,558
2018-07-07,EK,1747
2018-07-07,EL,1236
2018-07-07,EM,1345
2018-07-07,F,1992
2018-07-07,G,324
2018-07-08,EK,1971
2018-07-08,EL,1617
2018-07-08,EM,1408
2018-07-08,F,2090
2018-07-08,G,363
2018-07-09,EK,2027
2018-07-09,EL,1898
2018-07-09,EM,1255
2018-07-09,F,2813
2018-07-09,G,592
2018-07-10,EK,1837
2018-07-10,EL,986
2018-07-10,EM,1234
2018-07-10,F,2526
2018-07-10,G,536
2018-07-11,EK,1750
2018-07-11,EL,1208
2018-07-11,EM,978
2018-07-11,F,2786
2018-07-11,G,514
2018-07-12,EK,1628
2018-07-12,EL,1262
2018-07-12,EM,961
2018-07-12,F,3060
2018-07-12,G,589
2018-07-13,EK,1762
2018-07-13,EL,1235
2018-07-13,EM,1090
2018-07-13,F,3056
2018-07-13,G,666
2018-07-14,EK,1933
2018-07-14,EL,1317
2018-07-14,EM,1218
2018-07-14,F,1912
2018-07-14,G,402
2018-07-15,EK,1917
2018-07-15,EL,1443
2018-07-15,EM,1094
2018-07-15,F,1918
2018-07-15,G,327
2018-07-16,EK,2059
2018-07-16,EL,1775
2018-07-16,EM,1418
2018-07-16,F,2593
2018-07-16,G,565
2018-07-17,EK,1809
2018-07-17,EL,1446
2018-07-17,EM,1066
2018-07-17,F,2465
2018-07-17,G,461
2018-07-18,EK,1797
2018-07-18,EL,1317
2018-07-18,EM,926
2018-07-18,F,2617
2018-07-18,G,409
2018-07-19,EK,1687
2018-07-19,EL,1257
2018-07-19,EM,915
2018-07-19,F,2766
2018-07-19,G,528
2018-07-20,EK,1667
2018-07-20,EL,1202
2018-07-20,EM,1297
2018-07-20,F,2897
2018-07-20,G,538
2018-07-21,EK,1655
2018-07-21,EL,1524
2018-07-21,EM,1069
2018-07-21,F,2180
2018-07-21,G,382
2018-07-22,EK,1824
2018-07-22,EL,1674
2018-07-22,EM,1356
2018-07-22,F,1982
2018-07-22,G,335
2018-07-23,EK,1940
2018-07-23,EL,1676
2018-07-23,EM,1411
2018-07-23,F,2499
2018-07-23,G,470
2018-07-24,EK,1479
2018-07-24,EL,1571
2018-07-24,EM,1195
2018-07-24,F,2296
2018-07-24,G,397
2018-07-25,EK,1546
2018-07-25,EL,1336
2018-07-25,EM,1187
2018-07-25,F,2608
2018-07-25,G,426
2018-07-26,EK,1457
2018-07-26,EL,1414
2018-07-26,EM,1144
2018-07-26,F,2746
2018-07-26,G,442
2018-07-27,EK,1677
2018-07-27,EL,1357
2018-07-27,EM,1343
2018-07-27,F,3006
2018-07-27,G,583
2018-07-28,EK,1653
2018-07-28,EL,1587
2018-07-28,EM,1203
2018-07-28,F,2332
2018-07-28,G,462
2018-07-29,EK,1903
2018-07-29,EL,1556
2018-07-29,EM,1187
2018-07-29,F,2151
2018-07-29,G,304
2018-07-30,EK,1791
2018-07-30,EL,1717
2018-07-30,EM,1195
2018-07-30,F,2092
2018-07-30,G,389
2018-07-31,EK,1727
2018-07-31,EL,1417
2018-07-31,EM,1031
2018-07-31,F,1988
2018-07-31,G,327
2018-08-01,EK,1690
2018-08-01,EL,1270
2018-08-01,EM,1283
2018-08-01,F,2167
2018-08-01,G,330
2018-08-02,EK,1465
2018-08-02,EL,1389
2018-08-02,EM,1074
2018-08-02,F,2270
2018-08-02,G,431
2018-08-03,EK,1381
2018-08-03,EL,1319
2018-08-03,EM,1540
2018-08-03,F,2377
2018-08-03,G,420
2018-08-04,EK,1465
2018-08-04,EL,1534
2018-08-04,EM,1340
2018-08-04,F,2267
2018-08-04,G,332
2018-08-05,EK,1739
2018-08-05,EL,1501
2018-08-05,EM,1263
2018-08-05,F,1910
2018-08-05,G,262
2018-08-06,EK,1633
2018-08-06,EL,1660
2018-08-06,EM,1168
2018-08-06,F,1937
2018-08-06,G,355
2018-08-07,EK,1145
2018-08-07,EL,1163
2018-08-07,EM,1342
2018-08-07,F,1736
2018-08-07,G,300
2018-08-08,EK,1452
2018-08-08,EL,1101
2018-08-08,EM,1016
2018-08-08,F,1799
2018-08-08,G,296
2018-08-09,EK,1349
2018-08-09,EL,1002
2018-08-09,EM,963
2018-08-09,F,2000
2018-08-09,G,332
2018-08-10,EK,1405
2018-08-10,EL,1166
2018-08-10,EM,1095
2018-08-10,F,2279
2018-08-10,G,456
2018-08-11,EK,1793
2018-08-11,EL,1218
2018-08-11,EM,1068
2018-08-11,F,1945
2018-08-11,G,352
2018-08-12,EK,1589
2018-08-12,EL,1384
2018-08-12,EM,1234
2018-08-12,F,1689
2018-08-12,G,293
2018-08-13,EK,1516
2018-08-13,EL,1329
2018-08-13,EM,1057
2018-08-13,F,1851
2018-08-13,G,309
2018-08-14,EK,1350
2018-08-14,EL,1154
2018-08-14,EM,1008
2018-08-14,F,1674
2018-08-14,G,237
2018-08-15,EK,1481
2018-08-15,EL,1157
2018-08-15,EM,1034
2018-08-15,F,1675
2018-08-15,G,247
2018-08-16,EK,1442
2018-08-16,EL,1019
2018-08-16,EM,933
2018-08-16,F,1681
2018-08-16,G,271
2018-08-17,EK,1344
2018-08-17,EL,1148
2018-08-17,EM,1210
2018-08-17,F,1952
2018-08-17,G,351
2018-08-18,EK,1633
2018-08-18,EL,1286
2018-08-18,EM,1057
2018-08-18,F,1744
2018-08-18,G,305
2018-08-19,EK,1784
2018-08-19,EL,1248
2018-08-19,EM,1259
2018-08-19,F,1800
2018-08-19,G,342
2018-08-20,EK,1643
2018-08-20,EL,1427
2018-08-20,EM,1143
2018-08-20,F,2078
2018-08-20,G,432
2018-08-21,EK,1495
2018-08-21,EL,1032
2018-08-21,EM,1053
2018-08-21,F,1817
2018-08-21,G,362
2018-08-22,EK,1499
2018-08-22,EL,1081
2018-08-22,EM,831
2018-08-22,F,1911
2018-08-22,G,339
2018-08-23,EK,1406
2018-08-23,EL,935
2018-08-23,EM,834
2018-08-23,F,2121
2018-08-23,G,393
2018-08-24,EK,1378
2018-08-24,EL,1106
2018-08-24,EM,1085
2018-08-24,F,2378
2018-08-24,G,475
2018-08-25,EK,1644
2018-08-25,EL,1357
2018-08-25,EM,1090
2018-08-25,F,1794
2018-08-25,G,319
2018-08-26,EK,1972
2018-08-26,EL,1477
2018-08-26,EM,1191
2018-08-26,F,1859
2018-08-26,G,379
2018-08-27,EK,1946
2018-08-27,EL,1592
2018-08-27,EM,1196
2018-08-27,F,2431
2018-08-27,G,523
2018-08-28,EK,1668
2018-08-28,EL,1293
2018-08-28,EM,954
2018-08-28,F,2211
2018-08-28,G,396
2018-08-29,EK,1781
2018-08-29,EL,962
2018-08-29,EM,877
2018-08-29,F,2353
2018-08-29,G,445
2018-08-30,EK,1625
2018-08-30,EL,1069
2018-08-30,EM,731
2018-08-30,F,2555
2018-08-30,G,468
2018-08-31,EK,1722
2018-08-31,EL,1183
2018-08-31,EM,931
2018-08-31,F,2771
2018-08-31,G,543
2018-09-01,EK,1730
2018-09-01,EL,1313
2018-09-01,EM,1003
2018-09-01,F,1803
2018-09-01,G,355
2018-09-02,EK,1919
2018-09-02,EL,1555
2018-09-02,EM,1078
2018-09-02,F,1924
2018-09-02,G,313
2018-09-03,EK,1996
2018-09-03,EL,1612
2018-09-03,EM,1233
2018-09-03,F,2652
2018-09-03,G,572
2018-09-04,EK,1654
2018-09-04,EL,1341
2018-09-04,EM,1113
2018-09-04,F,2611
2018-09-04,G,491
2018-09-05,EK,1803
2018-09-05,EL,1138
2018-09-05,EM,859
2018-09-05,F,2464
2018-09-05,G,538
2018-09-06,EK,1509
2018-09-06,EL,1046
2018-09-06,EM,815
2018-09-06,F,2878
2018-09-06,G,531
2018-09-07,EK,1520
2018-09-07,EL,1304
2018-09-07,EM,1013
2018-09-07,F,2895
2018-09-07,G,591
2018-09-08,EK,1737
2018-09-08,EL,1223
2018-09-08,EM,1089
2018-09-08,F,1985
2018-09-08,G,325
2018-09-09,EK,2136
2018-09-09,EL,1524
2018-09-09,EM,1375
2018-09-09,F,2002
2018-09-09,G,449
2018-09-10,EK,2216
2018-09-10,EL,1643
2018-09-10,EM,1406
2018-09-10,F,3049
2018-09-10,G,676
2018-09-11,EK,1815
2018-09-11,EL,1387
2018-09-11,EM,968
2018-09-11,F,2841
2018-09-11,G,610
2018-09-12,EK,1844
2018-09-12,EL,1213
2018-09-12,EM,981
2018-09-12,F,2858
2018-09-12,G,620
2018-09-13,EK,1622
2018-09-13,EL,1170
2018-09-13,EM,862
2018-09-13,F,3075
2018-09-13,G,626
2018-09-14,EK,1741
2018-09-14,EL,1278
2018-09-14,EM,965
2018-09-14,F,3353
2018-09-14,G,687
2018-09-15,EK,2001
2018-09-15,EL,1352
2018-09-15,EM,1038
2018-09-15,F,1966
2018-09-15,G,408
2018-09-16,EK,2192
2018-09-16,EL,1665
2018-09-16,EM,1457
2018-09-16,F,2332
2018-09-16,G,472
2018-09-17,EK,2161
2018-09-17,EL,2038
2018-09-17,EM,1234
2018-09-17,F,3422
2018-09-17,G,787
2018-09-18,EK,1883
2018-09-18,EL,1394
2018-09-18,EM,1026
2018-09-18,F,2951
2018-09-18,G,642
2018-09-19,EK,1707
2018-09-19,EL,1233
2018-09-19,EM,992
2018-09-19,F,3160
2018-09-19,G,610
2018-09-20,EK,1782
2018-09-20,EL,1231
2018-09-20,EM,968
2018-09-20,F,3405
2018-09-20,G,675
2018-09-21,EK,1923
2018-09-21,EL,1406
2018-09-21,EM,1031
2018-09-21,F,3501
2018-09-21,G,757
2018-09-22,EK,1860
2018-09-22,EL,1399
2018-09-22,EM,1014
2018-09-22,F,2269
2018-09-22,G,428
2018-09-23,EK,2084
2018-09-23,EL,1702
2018-09-23,EM,1365
2018-09-23,F,2313
2018-09-23,G,472
2018-09-24,EK,2066
2018-09-24,EL,1957
2018-09-24,EM,1295
2018-09-24,F,3245
2018-09-24,G,705
2018-09-25,EK,1710
2018-09-25,EL,1533
2018-09-25,EM,952
2018-09-25,F,2912
2018-09-25,G,601
2018-09-26,EK,1829
2018-09-26,EL,1243
2018-09-26,EM,982
2018-09-26,F,2967
2018-09-26,G,635
2018-09-27,EK,1629
2018-09-27,EL,1267
2018-09-27,EM,958
2018-09-27,F,3170
2018-09-27,G,614
2018-09-28,EK,1824
2018-09-28,EL,1254
2018-09-28,EM,996
2018-09-28,F,3295
2018-09-28,G,670
2018-09-29,EK,1750
2018-09-29,EL,1297
2018-09-29,EM,1211
2018-09-29,F,2163
2018-09-29,G,376
2018-09-30,EK,2047
2018-09-30,EL,1588
2018-09-30,EM,1207
2018-09-30,F,2459
2018-09-30,G,421
2018-10-01,EK,2428
2018-10-01,EL,1702
2018-10-01,EM,1047
2018-10-01,F,3222
2018-10-01,G,496
2018-10-02,EK,1878
2018-10-02,EL,1382
2018-10-02,EM,1218
2018-10-02,F,2720
2018-10-02,G,459
2018-10-03,EK,1884
2018-10-03,EL,1318
2018-10-03,EM,1159
2018-10-03,F,2997
2018-10-03,G,516
2018-10-04,EK,1952
2018-10-04,EL,1417
2018-10-04,EM,935
2018-10-04,F,3149
2018-10-04,G,451
2018-10-05,EK,2037
2018-10-05,EL,1377
2018-10-05,EM,1082
2018-10-05,F,3093
2018-10-05,G,551
2018-10-06,EK,1976
2018-10-06,EL,1380
2018-10-06,EM,1135
2018-10-06,F,1988
2018-10-06,G,346
2018-10-07,EK,2243
2018-10-07,EL,1565
2018-10-07,EM,1415
2018-10-07,F,2259
2018-10-07,G,410
2018-10-08,EK,2436
2018-10-08,EL,1898
2018-10-08,EM,1158
2018-10-08,F,3330
2018-10-08,G,656
2018-10-09,EK,2155
2018-10-09,EL,1402
2018-10-09,EM,956
2018-10-09,F,2754
2018-10-09,G,575
2018-10-10,EK,1971
2018-10-10,EL,1393
2018-10-10,EM,1113
2018-10-10,F,2825
2018-10-10,G,558
2018-10-11,EK,1755
2018-10-11,EL,1351
2018-10-11,EM,1067
2018-10-11,F,3043
2018-10-11,G,611
2018-10-12,EK,1911
2018-10-12,EL,1389
2018-10-12,EM,1208
2018-10-12,F,3017
2018-10-12,G,693
2018-10-13,EK,2021
2018-10-13,EL,1325
2018-10-13,EM,1280
2018-10-13,F,2014
2018-10-13,G,396
2018-10-14,EK,2259
2018-10-14,EL,1612
2018-10-14,EM,1599
2018-10-14,F,2188
2018-10-14,G,491
2018-10-15,EK,2641
2018-10-15,EL,1725
2018-10-15,EM,1456
2018-10-15,F,3132
2018-10-15,G,733
2018-10-16,EK,2032
2018-10-16,EL,1292
2018-10-16,EM,1259
2018-10-16,F,2701
2018-10-16,G,619
2018-10-17,EK,2074
2018-10-17,EL,1292
2018-10-17,EM,1043
2018-10-17,F,3017
2018-10-17,G,615
2018-10-18,EK,2020
2018-10-18,EL,1371
2018-10-18,EM,947
2018-10-18,F,3216
2018-10-18,G,703
2018-10-19,EK,2200
2018-10-19,EL,1381
2018-10-19,EM,1236
2018-10-19,F,3400
2018-10-19,G,681
2018-10-20,EK,2184
2018-10-20,EL,1543
2018-10-20,EM,1300
2018-10-20,F,2290
2018-10-20,G,475
2018-10-21,EK,2545
2018-10-21,EL,1693
2018-10-21,EM,1404
2018-10-21,F,2343
2018-10-21,G,447
2018-10-22,EK,2438
2018-10-22,EL,1868
2018-10-22,EM,1278
2018-10-22,F,3042
2018-10-22,G,708
2018-10-23,EK,2024
2018-10-23,EL,1695
2018-10-23,EM,1086
2018-10-23,F,2828
2018-10-23,G,607
2018-10-24,EK,2148
2018-10-24,EL,1435
2018-10-24,EM,1146
2018-10-24,F,3002
2018-10-24,G,651
2018-10-25,EK,2122
2018-10-25,EL,1479
2018-10-25,EM,1091
2018-10-25,F,3244
2018-10-25,G,708
2018-10-26,EK,2080
2018-10-26,EL,1455
2018-10-26,EM,1209
2018-10-26,F,3300
2018-10-26,G,723
2018-10-27,EK,2059
2018-10-27,EL,1695
2018-10-27,EM,1258
2018-10-27,F,2483
2018-10-27,G,446
2018-10-28,EK,2239
2018-10-28,EL,1717
2018-10-28,EM,1235
2018-10-28,F,2348
2018-10-28,G,450
2018-10-29,EK,2072
2018-10-29,EL,1459
2018-10-29,EM,1255
2018-10-29,F,2932
2018-10-29,G,603
2018-10-30,EK,1636
2018-10-30,EL,1534
2018-10-30,EM,999
2018-10-30,F,2389
2018-10-30,G,411
2018-10-31,EK,1999
2018-10-31,EL,1408
2018-10-31,EM,1041
2018-10-31,F,3004
2018-10-31,G,519
2018-11-01,EK,1992
2018-11-01,EL,1393
2018-11-01,EM,1041
2018-11-01,F,2443
2018-11-01,G,368
2018-11-02,EK,1515
2018-11-02,EL,1225
2018-11-02,EM,991
2018-11-02,F,2025
2018-11-02,G,404
2018-11-03,EK,1761
2018-11-03,EL,1392
2018-11-03,EM,955
2018-11-03,F,1719
2018-11-03,G,359
2018-11-04,EK,2435
2018-11-04,EL,1571
2018-11-04,EM,1260
2018-11-04,F,2396
2018-11-04,G,445
2018-11-05,EK,2230
2018-11-05,EL,1919
2018-11-05,EM,1169
2018-11-05,F,3489
2018-11-05,G,687
2018-11-06,EK,1681
2018-11-06,EL,1488
2018-11-06,EM,1125
2018-11-06,F,2794
2018-11-06,G,567
2018-11-07,EK,1942
2018-11-07,EL,1396
2018-11-07,EM,824
2018-11-07,F,2840
2018-11-07,G,632
2018-11-08,EK,1642
2018-11-08,EL,1403
2018-11-08,EM,908
2018-11-08,F,3121
2018-11-08,G,663
2018-11-09,EK,1945
2018-11-09,EL,1458
2018-11-09,EM,929
2018-11-09,F,3275
2018-11-09,G,677
2018-11-10,EK,2007
2018-11-10,EL,1474
2018-11-10,EM,1141
2018-11-10,F,2079
2018-11-10,G,388
2018-11-11,EK,2089
2018-11-11,EL,1861
2018-11-11,EM,1236
2018-11-11,F,2420
2018-11-11,G,528
2018-11-12,EK,2377
2018-11-12,EL,1729
2018-11-12,EM,1379
2018-11-12,F,3363
2018-11-12,G,790
2018-11-13,EK,1992
2018-11-13,EL,1326
2018-11-13,EM,991
2018-11-13,F,3057
2018-11-13,G,640
2018-11-14,EK,1865
2018-11-14,EL,1445
2018-11-14,EM,992
2018-11-14,F,2984
2018-11-14,G,632
2018-11-15,EK,1904
2018-11-15,EL,1222
2018-11-15,EM,869
2018-11-15,F,3109
2018-11-15,G,641
2018-11-16,EK,2008
2018-11-16,EL,1208
2018-11-16,EM,1054
2018-11-16,F,3430
2018-11-16,G,788
2018-11-17,EK,2186
2018-11-17,EL,1408
2018-11-17,EM,1021
2018-11-17,F,2037
2018-11-17,G,387
2018-11-18,EK,2245
2018-11-18,EL,1633
2018-11-18,EM,930
2018-11-18,F,2159
2018-11-18,G,417
2018-11-19,EK,2085
2018-11-19,EL,1489
2018-11-19,EM,1162
2018-11-19,F,3118
2018-11-19,G,708
2018-11-20,EK,1896
2018-11-20,EL,1217
2018-11-20,EM,1023
2018-11-20,F,2790
2018-11-20,G,572
2018-11-21,EK,1464
2018-11-21,EL,1406
2018-11-21,EM,715
2018-11-21,F,2572
2018-11-21,G,482
2018-11-22,EK,1728
2018-11-22,EL,1018
2018-11-22,EM,654
2018-11-22,F,3018
2018-11-22,G,608
2018-11-23,EK,1542
2018-11-23,EL,1229
2018-11-23,EM,856
2018-11-23,F,3297
2018-11-23,G,677
2018-11-24,EK,1879
2018-11-24,EL,1450
2018-11-24,EM,982
2018-11-24,F,2167
2018-11-24,G,332
2018-11-25,EK,2372
2018-11-25,EL,1763
2018-11-25,EM,1251
2018-11-25,F,2148
2018-11-25,G,438
2018-11-26,EK,2458
2018-11-26,EL,1865
2018-11-26,EM,1325
2018-11-26,F,3286
2018-11-26,G,738
2018-11-27,EK,1997
2018-11-27,EL,1440
2018-11-27,EM,1055
2018-11-27,F,2930
2018-11-27,G,621
2018-11-28,EK,1707
2018-11-28,EL,1314
2018-11-28,EM,860
2018-11-28,F,2774
2018-11-28,G,697
2018-11-29,EK,1527
2018-11-29,EL,1345
2018-11-29,EM,922
2018-11-29,F,3243
2018-11-29,G,694
2018-11-30,EK,1816
2018-11-30,EL,1456
2018-11-30,EM,949
2018-11-30,F,3352
2018-11-30,G,703
2018-12-01,EK,1930
2018-12-01,EL,1570
2018-12-01,EM,1001
2018-12-01,F,2187
2018-12-01,G,463
2018-12-02,EK,2299
2018-12-02,EL,1996
2018-12-02,EM,1224
2018-12-02,F,2382
2018-12-02,G,469
2018-12-03,EK,2424
2018-12-03,EL,1724
2018-12-03,EM,1333
2018-12-03,F,3370
2018-12-03,G,679
2018-12-04,EK,1592
2018-12-04,EL,1534
2018-12-04,EM,1052
2018-12-04,F,2839
2018-12-04,G,614
2018-12-05,EK,1735
2018-12-05,EL,1291
2018-12-05,EM,937
2018-12-05,F,2813
2018-12-05,G,614
2018-12-06,EK,1433
2018-12-06,EL,1442
2018-12-06,EM,919
2018-12-06,F,2930
2018-12-06,G,664
2018-12-07,EK,1742
2018-12-07,EL,1320
2018-12-07,EM,920
2018-12-07,F,3344
2018-12-07,G,695
2018-12-08,EK,1683
2018-12-08,EL,1618
2018-12-08,EM,1085
2018-12-08,F,2061
2018-12-08,G,485
2018-12-09,EK,1991
2018-12-09,EL,1964
2018-12-09,EM,1228
2018-12-09,F,2284
2018-12-09,G,448
2018-12-10,EK,2221
2018-12-10,EL,1824
2018-12-10,EM,1102
2018-12-10,F,3193
2018-12-10,G,746
2018-12-11,EK,1663
2018-12-11,EL,1303
2018-12-11,EM,784
2018-12-11,F,2959
2018-12-11,G,627
2018-12-12,EK,1642
2018-12-12,EL,1227
2018-12-12,EM,800
2018-12-12,F,3000
2018-12-12,G,574
2018-12-13,EK,1797
2018-12-13,EL,1169
2018-12-13,EM,882
2018-12-13,F,3281
2018-12-13,G,684
2018-12-14,EK,1698
2018-12-14,EL,1374
2018-12-14,EM,793
2018-12-14,F,3522
2018-12-14,G,749
2018-12-15,EK,1745
2018-12-15,EL,1389
2018-12-15,EM,1163
2018-12-15,F,2285
2018-12-15,G,448
2018-12-16,EK,1552
2018-12-16,EL,1705
2018-12-16,EM,1015
2018-12-16,F,2140
2018-12-16,G,418
2018-12-17,EK,1560
2018-12-17,EL,1517
2018-12-17,EM,965
2018-12-17,F,2956
2018-12-17,G,649
2018-12-18,EK,1389
2018-12-18,EL,1302
2018-12-18,EM,886
2018-12-18,F,2716
2018-12-18,G,553
2018-12-19,EK,1631
2018-12-19,EL,1441
2018-12-19,EM,914
2018-12-19,F,2873
2018-12-19,G,552
2018-12-20,EK,1717
2018-12-20,EL,1501
2018-12-20,EM,1074
2018-12-20,F,3161
2018-12-20,G,644
2018-12-21,EK,1834
2018-12-21,EL,1591
2018-12-21,EM,1130
2018-12-21,F,3438
2018-12-21,G,653
2018-12-22,EK,2131
2018-12-22,EL,1684
2018-12-22,EM,867
2018-12-22,F,2844
2018-12-22,G,525
2018-12-23,EK,1630
2018-12-23,EL,1507
2018-12-23,EM,962
2018-12-23,F,2232
2018-12-23,G,349
2018-12-24,EK,1155
2018-12-24,EL,1103
2018-12-24,EM,761
2018-12-24,F,1339
2018-12-24,G,174
2018-12-25,EK,1393
2018-12-25,EL,1221
2018-12-25,EM,628
2018-12-25,F,1347
2018-12-25,G,112
2018-12-26,EK,1612
2018-12-26,EL,1601
2018-12-26,EM,1058
2018-12-26,F,1899
2018-12-26,G,168
2018-12-27,EK,1527
2018-12-27,EL,1740
2018-12-27,EM,995
2018-12-27,F,1778
2018-12-27,G,211
2018-12-28,EK,1571
2018-12-28,EL,1334
2018-12-28,EM,816
2018-12-28,F,2029
2018-12-28,G,280
2018-12-29,EK,1521
2018-12-29,EL,1387
2018-12-29,EM,878
2018-12-29,F,2031
2018-12-29,G,177
2018-12-30,EK,1316
2018-12-30,EL,1321
2018-12-30,EM,841
2018-12-30,F,1825
2018-12-30,G,261
2018-12-31,EK,1287
2018-12-31,EL,834
2018-12-31,EM,756
2018-12-31,F,1267
2018-12-31,G,160
2019-01-01,EK,1490
2019-01-01,EL,1173
2019-01-01,EM,759
2019-01-01,F,1342
2019-01-01,G,152
2019-01-02,EK,1789
2019-01-02,EL,1551
2019-01-02,EM,1055
2019-01-02,F,1591
2019-01-02,G,242
2019-01-03,EK,1616
2019-01-03,EL,1601
2019-01-03,EM,1077
2019-01-03,F,1643
2019-01-03,G,247
2019-01-04,EK,1892
2019-01-04,EL,1561
2019-01-04,EM,1064
2019-01-04,F,1853
2019-01-04,G,311
2019-01-05,EK,2091
2019-01-05,EL,1831
2019-01-05,EM,1089
2019-01-05,F,1675
2019-01-05,G,263
2019-01-06,EK,2186
2019-01-06,EL,1865
2019-01-06,EM,1433
2019-01-06,F,2045
2019-01-06,G,356
2019-01-07,EK,1949
2019-01-07,EL,1931
2019-01-07,EM,1380
2019-01-07,F,2504
2019-01-07,G,565
2019-01-08,EK,1683
2019-01-08,EL,1557
2019-01-08,EM,1093
2019-01-08,F,2457
2019-01-08,G,523
2019-01-09,EK,1630
2019-01-09,EL,1278
2019-01-09,EM,837
2019-01-09,F,2517
2019-01-09,G,429
2019-01-10,EK,1488
2019-01-10,EL,1206
2019-01-10,EM,804
2019-01-10,F,2575
2019-01-10,G,444
2019-01-11,EK,1833
2019-01-11,EL,1182
2019-01-11,EM,772
2019-01-11,F,2840
2019-01-11,G,564
2019-01-12,EK,1649
2019-01-12,EL,1735
2019-01-12,EM,1067
2019-01-12,F,1758
2019-01-12,G,328
2019-01-13,EK,2142
2019-01-13,EL,1990
2019-01-13,EM,1165
2019-01-13,F,2041
2019-01-13,G,441
2019-01-14,EK,2217
2019-01-14,EL,1852
2019-01-14,EM,1074
2019-01-14,F,3040
2019-01-14,G,631
2019-01-15,EK,1842
2019-01-15,EL,1329
2019-01-15,EM,807
2019-01-15,F,2656
2019-01-15,G,464
2019-01-16,EK,1452
2019-01-16,EL,1414
2019-01-16,EM,717
2019-01-16,F,2598
2019-01-16,G,493
2019-01-17,EK,1474
2019-01-17,EL,1278
2019-01-17,EM,725
2019-01-17,F,2762
2019-01-17,G,511
2019-01-18,EK,1725
2019-01-18,EL,1382
2019-01-18,EM,716
2019-01-18,F,3125
2019-01-18,G,592
2019-01-19,EK,1753
2019-01-19,EL,1694
2019-01-19,EM,913
2019-01-19,F,1967
2019-01-19,G,400
2019-01-20,EK,1978
2019-01-20,EL,1807
2019-01-20,EM,1228
2019-01-20,F,2181
2019-01-20,G,385
2019-01-21,EK,1930
2019-01-21,EL,2026
2019-01-21,EM,1307
2019-01-21,F,3040
2019-01-21,G,642
2019-01-22,EK,1465
2019-01-22,EL,1138
2019-01-22,EM,1062
2019-01-22,F,2829
2019-01-22,G,532
2019-01-23,EK,1519
2019-01-23,EL,1140
2019-01-23,EM,872
2019-01-23,F,2881
2019-01-23,G,534
2019-01-24,EK,1602
2019-01-24,EL,1372
2019-01-24,EM,820
2019-01-24,F,3103
2019-01-24,G,604
2019-01-25,EK,1601
2019-01-25,EL,1356
2019-01-25,EM,750
2019-01-25,F,3394
2019-01-25,G,638
2019-01-26,EK,1652
2019-01-26,EL,1618
2019-01-26,EM,1006
2019-01-26,F,2073
2019-01-26,G,453
2019-01-27,EK,1831
2019-01-27,EL,1912
2019-01-27,EM,1179
2019-01-27,F,2232
2019-01-27,G,430
2019-01-28,EK,1899
2019-01-28,EL,1835
2019-01-28,EM,1176
2019-01-28,F,3159
2019-01-28,G,715
2019-01-29,EK,1476
2019-01-29,EL,1453
2019-01-29,EM,714
2019-01-29,F,2760
2019-01-29,G,549
2019-01-30,EK,1587
2019-01-30,EL,1125
2019-01-30,EM,605
2019-01-30,F,2500
2019-01-30,G,539
2019-01-31,EK,1681
2019-01-31,EL,1324
2019-01-31,EM,842
2019-01-31,F,2981
2019-01-31,G,581
2019-02-01,EK,1741
2019-02-01,EL,1423
2019-02-01,EM,889
2019-02-01,F,3252
2019-02-01,G,642
2019-02-02,EK,1522
2019-02-02,EL,1622
2019-02-02,EM,913
2019-02-02,F,2133
2019-02-02,G,352
2019-02-03,EK,1889
2019-02-03,EL,1685
2019-02-03,EM,1066
2019-02-03,F,2262
2019-02-03,G,403
2019-02-04,EK,1861
2019-02-04,EL,1752
2019-02-04,EM,1196
2019-02-04,F,3121
2019-02-04,G,641
2019-02-05,EK,1532
2019-02-05,EL,1153
2019-02-05,EM,780
2019-02-05,F,2816
2019-02-05,G,535
2019-02-06,EK,1481
2019-02-06,EL,1176
2019-02-06,EM,634
2019-02-06,F,2859
2019-02-06,G,549
2019-02-07,EK,1439
2019-02-07,EL,1371
2019-02-07,EM,675
2019-02-07,F,2941
2019-02-07,G,612
2019-02-08,EK,1791
2019-02-08,EL,1442
2019-02-08,EM,870
2019-02-08,F,3373
2019-02-08,G,641
2019-02-09,EK,1870
2019-02-09,EL,1608
2019-02-09,EM,946
2019-02-09,F,1960
2019-02-09,G,357
2019-02-10,EK,2075
2019-02-10,EL,1760
2019-02-10,EM,1447
2019-02-10,F,2014
2019-02-10,G,324
2019-02-11,EK,2056
2019-02-11,EL,2075
2019-02-11,EM,1176
2019-02-11,F,3094
2019-02-11,G,666
2019-02-12,EK,1669
2019-02-12,EL,1519
2019-02-12,EM,801
2019-02-12,F,2646
2019-02-12,G,570
2019-02-13,EK,1652
2019-02-13,EL,1383
2019-02-13,EM,753
2019-02-13,F,2775
2019-02-13,G,599
2019-02-14,EK,1800
2019-02-14,EL,1479
2019-02-14,EM,937
2019-02-14,F,3107
2019-02-14,G,577
2019-02-15,EK,1919
2019-02-15,EL,1455
2019-02-15,EM,928
2019-02-15,F,3264
2019-02-15,G,636
2019-02-16,EK,1995
2019-02-16,EL,1643
2019-02-16,EM,1035
2019-02-16,F,2120
2019-02-16,G,326
2019-02-17,EK,2149
2019-02-17,EL,1721
2019-02-17,EM,1224
2019-02-17,F,2225
2019-02-17,G,350
2019-02-18,EK,2009
2019-02-18,EL,1908
2019-02-18,EM,1340
2019-02-18,F,3032
2019-02-18,G,710
2019-02-19,EK,1623
2019-02-19,EL,1503
2019-02-19,EM,751
2019-02-19,F,2699
2019-02-19,G,593
2019-02-20,EK,1599
2019-02-20,EL,1240
2019-02-20,EM,866
2019-02-20,F,2899
2019-02-20,G,572
2019-02-21,EK,1664
2019-02-21,EL,1482
2019-02-21,EM,754
2019-02-21,F,3079
2019-02-21,G,590
2019-02-22,EK,1969
2019-02-22,EL,1608
2019-02-22,EM,1018
2019-02-22,F,3442
2019-02-22,G,663
2019-02-23,EK,2151
2019-02-23,EL,1832
2019-02-23,EM,1225
2019-02-23,F,2645
2019-02-23,G,349
2019-02-24,EK,2160
2019-02-24,EL,2185
2019-02-24,EM,1168
2019-02-24,F,2977
2019-02-24,G,467
2019-02-25,EK,2279
2019-02-25,EL,1900
2019-02-25,EM,1110
2019-02-25,F,3262
2019-02-25,G,737
2019-02-26,EK,1752
2019-02-26,EL,1522
2019-02-26,EM,1048
2019-02-26,F,2767
2019-02-26,G,654
2019-02-27,EK,1609
2019-02-27,EL,1499
2019-02-27,EM,906
2019-02-27,F,2825
2019-02-27,G,575
2019-02-28,EK,1750
2019-02-28,EL,1484
2019-02-28,EM,961
2019-02-28,F,2984
2019-02-28,G,620
2019-03-01,EK,1961
2019-03-01,EL,1668
2019-03-01,EM,990
2019-03-01,F,3184
2019-03-01,G,673
2019-03-02,EK,1918
2019-03-02,EL,1869
2019-03-02,EM,1152
2019-03-02,F,2326
2019-03-02,G,400
2019-03-03,EK,1934
2019-03-03,EL,1915
2019-03-03,EM,1122
2019-03-03,F,2253
2019-03-03,G,376
2019-03-04,EK,2151
2019-03-04,EL,1760
2019-03-04,EM,1026
2019-03-04,F,3155
2019-03-04,G,574
2019-03-05,EK,1483
2019-03-05,EL,1525
2019-03-05,EM,1033
2019-03-05,F,2822
2019-03-05,G,542
2019-03-06,EK,1618
2019-03-06,EL,1389
2019-03-06,EM,941
2019-03-06,F,2792
2019-03-06,G,502
2019-03-07,EK,1726
2019-03-07,EL,1401
2019-03-07,EM,803
2019-03-07,F,2949
2019-03-07,G,630
2019-03-08,EK,1704
2019-03-08,EL,1553
2019-03-08,EM,928
2019-03-08,F,3133
2019-03-08,G,633
2019-03-09,EK,1661
2019-03-09,EL,1639
2019-03-09,EM,1106
2019-03-09,F,1960
2019-03-09,G,385
2019-03-10,EK,1854
2019-03-10,EL,2035
2019-03-10,EM,1087
2019-03-10,F,2042
2019-03-10,G,456
2019-03-11,EK,2049
2019-03-11,EL,1954
2019-03-11,EM,1196
2019-03-11,F,3252
2019-03-11,G,746
2019-03-12,EK,1512
2019-03-12,EL,1555
2019-03-12,EM,1007
2019-03-12,F,2923
2019-03-12,G,559
2019-03-13,EK,1665
2019-03-13,EL,1440
2019-03-13,EM,809
2019-03-13,F,3006
2019-03-13,G,625
2019-03-14,EK,1616
2019-03-14,EL,1363
2019-03-14,EM,895
2019-03-14,F,3311
2019-03-14,G,647
2019-03-15,EK,1842
2019-03-15,EL,1617
2019-03-15,EM,831
2019-03-15,F,3323
2019-03-15,G,770
2019-03-16,EK,1911
2019-03-16,EL,1740
2019-03-16,EM,999
2019-03-16,F,2246
2019-03-16,G,499
2019-03-17,EK,1780
2019-03-17,EL,2259
2019-03-17,EM,1406
2019-03-17,F,2262
2019-03-17,G,437
2019-03-18,EK,2152
2019-03-18,EL,2009
2019-03-18,EM,1417
2019-03-18,F,3250
2019-03-18,G,804
2019-03-19,EK,1605
2019-03-19,EL,1498
2019-03-19,EM,866
2019-03-19,F,2908
2019-03-19,G,645
2019-03-20,EK,1749
2019-03-20,EL,1247
2019-03-20,EM,916
2019-03-20,F,2922
2019-03-20,G,604
2019-03-21,EK,1626
2019-03-21,EL,1468
2019-03-21,EM,800
2019-03-21,F,3189
2019-03-21,G,671
2019-03-22,EK,1884
2019-03-22,EL,1525
2019-03-22,EM,884
2019-03-22,F,3405
2019-03-22,G,803
2019-03-23,EK,2018
2019-03-23,EL,1600
2019-03-23,EM,1145
2019-03-23,F,2049
2019-03-23,G,384
2019-03-24,EK,2240
2019-03-24,EL,2001
2019-03-24,EM,1033
2019-03-24,F,2277
2019-03-24,G,430
2019-03-25,EK,2381
2019-03-25,EL,1789
2019-03-25,EM,1342
2019-03-25,F,3333
2019-03-25,G,752
2019-03-26,EK,1817
2019-03-26,EL,1453
2019-03-26,EM,1001
2019-03-26,F,3121
2019-03-26,G,564
2019-03-27,EK,1511
2019-03-27,EL,1526
2019-03-27,EM,938
2019-03-27,F,2985
2019-03-27,G,605
2019-03-28,EK,1487
2019-03-28,EL,1384
2019-03-28,EM,896
2019-03-28,F,3136
2019-03-28,G,642
2019-03-29,EK,1944
2019-03-29,EL,1551
2019-03-29,EM,894
2019-03-29,F,3367
2019-03-29,G,704
2019-03-30,EK,1809
2019-03-30,EL,1797
2019-03-30,EM,978
2019-03-30,F,2206
2019-03-30,G,428
2019-03-31,EK,2106
2019-03-31,EL,1844
2019-03-31,EM,1194
2019-03-31,F,2091
2019-03-31,G,522
2019-04-01,EK,2109
2019-04-01,EL,1920
2019-04-01,EM,1397
2019-04-01,F,3198
2019-04-01,G,723
2019-04-02,EK,1740
2019-04-02,EL,1420
2019-04-02,EM,905
2019-04-02,F,2718
2019-04-02,G,623
2019-04-03,EK,1610
2019-04-03,EL,1442
2019-04-03,EM,839
2019-04-03,F,2860
2019-04-03,G,579
2019-04-04,EK,1769
2019-04-04,EL,1261
2019-04-04,EM,935
2019-04-04,F,3124
2019-04-04,G,643
2019-04-05,EK,1545
2019-04-05,EL,1455
2019-04-05,EM,1242
2019-04-05,F,3373
2019-04-05,G,681
2019-04-06,EK,1825
2019-04-06,EL,1927
2019-04-06,EM,1230
2019-04-06,F,2092
2019-04-06,G,393
2019-04-07,EK,2115
2019-04-07,EL,1751
2019-04-07,EM,1620
2019-04-07,F,2271
2019-04-07,G,483
2019-04-08,EK,2256
2019-04-08,EL,1942
2019-04-08,EM,1483
2019-04-08,F,3119
2019-04-08,G,724
2019-04-09,EK,1605
2019-04-09,EL,1524
2019-04-09,EM,1060
2019-04-09,F,2702
2019-04-09,G,505
2019-04-10,EK,1652
2019-04-10,EL,1278
2019-04-10,EM,962
2019-04-10,F,2733
2019-04-10,G,507
2019-04-11,EK,1615
2019-04-11,EL,1547
2019-04-11,EM,837
2019-04-11,F,2913
2019-04-11,G,488
2019-04-12,EK,1806
2019-04-12,EL,1498
2019-04-12,EM,1041
2019-04-12,F,3168
2019-04-12,G,611
2019-04-13,EK,1632
2019-04-13,EL,1826
2019-04-13,EM,1267
2019-04-13,F,2010
2019-04-13,G,449
2019-04-14,EK,2005
2019-04-14,EL,1954
2019-04-14,EM,1213
2019-04-14,F,2068
2019-04-14,G,403
2019-04-15,EK,1987
2019-04-15,EL,1779
2019-04-15,EM,1334
2019-04-15,F,2706
2019-04-15,G,614
2019-04-16,EK,1790
2019-04-16,EL,1292
2019-04-16,EM,934
2019-04-16,F,2481
2019-04-16,G,485
2019-04-17,EK,1648
2019-04-17,EL,1208
2019-04-17,EM,941
2019-04-17,F,2553
2019-04-17,G,554
2019-04-18,EK,1651
2019-04-18,EL,1733
2019-04-18,EM,1020
2019-04-18,F,2916
2019-04-18,G,594
2019-04-19,EK,1559
2019-04-19,EL,1701
2019-04-19,EM,1162
2019-04-19,F,3069
2019-04-19,G,530
2019-04-20,EK,1859
2019-04-20,EL,1511
2019-04-20,EM,1197
2019-04-20,F,2365
2019-04-20,G,409
2019-04-21,EK,1644
2019-04-21,EL,1693
2019-04-21,EM,1137
2019-04-21,F,1724
2019-04-21,G,262
2019-04-22,EK,2002
2019-04-22,EL,1795
2019-04-22,EM,1306
2019-04-22,F,2123
2019-04-22,G,327
2019-04-23,EK,1910
2019-04-23,EL,2291
2019-04-23,EM,1017
2019-04-23,F,2833
2019-04-23,G,604
2019-04-24,EK,1914
2019-04-24,EL,1387
2019-04-24,EM,915
2019-04-24,F,2586
2019-04-24,G,499
2019-04-25,EK,1724
2019-04-25,EL,1505
2019-04-25,EM,879
2019-04-25,F,2624
2019-04-25,G,457
2019-04-26,EK,1615
2019-04-26,EL,1640
2019-04-26,EM,1155
2019-04-26,F,3230
2019-04-26,G,570
2019-04-27,EK,1751
2019-04-27,EL,1957
2019-04-27,EM,1171
2019-04-27,F,2495
2019-04-27,G,379
2019-04-28,EK,1842
2019-04-28,EL,1710
2019-04-28,EM,1342
2019-04-28,F,2420
2019-04-28,G,417
2019-04-29,EK,1567
2019-04-29,EL,1397
2019-04-29,EM,1168
2019-04-29,F,2658
2019-04-29,G,480
2019-04-30,EK,1829
2019-04-30,EL,1286
2019-04-30,EM,985
2019-04-30,F,2629
2019-04-30,G,396
2019-05-01,EK,1830
2019-05-01,EL,1394
2019-05-01,EM,1197
2019-05-01,F,2428
2019-05-01,G,366
2019-05-02,EK,1514
2019-05-02,EL,1330
2019-05-02,EM,918
2019-05-02,F,2335
2019-05-02,G,369
2019-05-03,EK,1559
2019-05-03,EL,1276
2019-05-03,EM,1048
2019-05-03,F,2542
2019-05-03,G,428
2019-05-04,EK,1729
2019-05-04,EL,1803
2019-05-04,EM,1053
2019-05-04,F,1981
2019-05-04,G,286
2019-05-05,EK,1948
2019-05-05,EL,1819
2019-05-05,EM,1372
2019-05-05,F,2090
2019-05-05,G,376
2019-05-06,EK,2021
2019-05-06,EL,1776
2019-05-06,EM,1254
2019-05-06,F,3050
2019-05-06,G,619
2019-05-07,EK,1652
2019-05-07,EL,1342
2019-05-07,EM,1059
2019-05-07,F,2866
2019-05-07,G,462
2019-05-08,EK,1622
2019-05-08,EL,1188
2019-05-08,EM,1018
2019-05-08,F,2501
2019-05-08,G,348
2019-05-09,EK,1392
2019-05-09,EL,1098
2019-05-09,EM,711
2019-05-09,F,2713
2019-05-09,G,474
2019-05-10,EK,1661
2019-05-10,EL,1227
2019-05-10,EM,867
2019-05-10,F,3007
2019-05-10,G,630
2019-05-11,EK,1679
2019-05-11,EL,1430
2019-05-11,EM,1071
2019-05-11,F,2058
2019-05-11,G,384
2019-05-12,EK,2201
2019-05-12,EL,1431
2019-05-12,EM,1285
2019-05-12,F,2284
2019-05-12,G,445
2019-05-13,EK,1892
2019-05-13,EL,2075
2019-05-13,EM,1452
2019-05-13,F,3323
2019-05-13,G,746
2019-05-14,EK,1406
2019-05-14,EL,1303
2019-05-14,EM,1049
2019-05-14,F,2914
2019-05-14,G,593
2019-05-15,EK,1485
2019-05-15,EL,1343
2019-05-15,EM,963
2019-05-15,F,2995
2019-05-15,G,548
2019-05-16,EK,1568
2019-05-16,EL,1310
2019-05-16,EM,921
2019-05-16,F,3203
2019-05-16,G,615
2019-05-17,EK,1546
2019-05-17,EL,1464
2019-05-17,EM,1238
2019-05-17,F,3318
2019-05-17,G,651
2019-05-18,EK,1817
2019-05-18,EL,1479
2019-05-18,EM,1145
2019-05-18,F,2105
2019-05-18,G,416
2019-05-19,EK,1975
2019-05-19,EL,1839
2019-05-19,EM,1402
2019-05-19,F,2346
2019-05-19,G,493
2019-05-20,EK,2014
2019-05-20,EL,2054
2019-05-20,EM,1328
2019-05-20,F,3455
2019-05-20,G,750
2019-05-21,EK,1494
2019-05-21,EL,1557
2019-05-21,EM,952
2019-05-21,F,2987
2019-05-21,G,569
2019-05-22,EK,1655
2019-05-22,EL,1233
2019-05-22,EM,998
2019-05-22,F,3159
2019-05-22,G,582
2019-05-23,EK,1477
2019-05-23,EL,1350
2019-05-23,EM,870
2019-05-23,F,3368
2019-05-23,G,577
2019-05-24,EK,1904
2019-05-24,EL,1383
2019-05-24,EM,1136
2019-05-24,F,3507
2019-05-24,G,674
2019-05-25,EK,1617
2019-05-25,EL,1477
2019-05-25,EM,1151
2019-05-25,F,2237
2019-05-25,G,413
2019-05-26,EK,1813
2019-05-26,EL,1543
2019-05-26,EM,1158
2019-05-26,F,2235
2019-05-26,G,411
2019-05-27,EK,1937
2019-05-27,EL,1584
2019-05-27,EM,1023
2019-05-27,F,3189
2019-05-27,G,598
2019-05-28,EK,1677
2019-05-28,EL,1382
2019-05-28,EM,1033
2019-05-28,F,2724
2019-05-28,G,423
2019-05-29,EK,1491
2019-05-29,EL,1682
2019-05-29,EM,1062
2019-05-29,F,3552
2019-05-29,G,630
2019-05-30,EK,1427
2019-05-30,EL,1497
2019-05-30,EM,1056
2019-05-30,F,2903
2019-05-30,G,400
2019-05-31,EK,1305
2019-05-31,EL,1192
2019-05-31,EM,924
2019-05-31,F,2347
2019-05-31,G,327
2019-06-01,EK,1672
2019-06-01,EL,1166
2019-06-01,EM,992
2019-06-01,F,1985
2019-06-01,G,297
2019-06-02,EK,2008
2019-06-02,EL,1416
2019-06-02,EM,1359
2019-06-02,F,2187
2019-06-02,G,401
2019-06-03,EK,2114
2019-06-03,EL,1531
2019-06-03,EM,1463
2019-06-03,F,3341
2019-06-03,G,692
2019-06-04,EK,1828
2019-06-04,EL,997
2019-06-04,EM,1100
2019-06-04,F,2853
2019-06-04,G,487
2019-06-05,EK,1460
2019-06-05,EL,1171
2019-06-05,EM,1065
2019-06-05,F,3072
2019-06-05,G,502
2019-06-06,EK,1858
2019-06-06,EL,1209
2019-06-06,EM,976
2019-06-06,F,3246
2019-06-06,G,607
2019-06-07,EK,1509
2019-06-07,EL,1332
2019-06-07,EM,1235
2019-06-07,F,3500
2019-06-07,G,657
2019-06-08,EK,1881
2019-06-08,EL,1541
2019-06-08,EM,1178
2019-06-08,F,2423
2019-06-08,G,400
2019-06-09,EK,2047
2019-06-09,EL,1620
2019-06-09,EM,1334
2019-06-09,F,1989
2019-06-09,G,257
2019-06-10,EK,1925
2019-06-10,EL,1894
2019-06-10,EM,1363
2019-06-10,F,2916
2019-06-10,G,489
2019-06-11,EK,2051
2019-06-11,EL,1588
2019-06-11,EM,1066
2019-06-11,F,3253
2019-06-11,G,646
2019-06-12,EK,1622
2019-06-12,EL,1251
2019-06-12,EM,1100
2019-06-12,F,2968
2019-06-12,G,592
2019-06-13,EK,1567
2019-06-13,EL,1296
2019-06-13,EM,951
2019-06-13,F,3250
2019-06-13,G,545
2019-06-14,EK,1606
2019-06-14,EL,1329
2019-06-14,EM,990
2019-06-14,F,3461
2019-06-14,G,621
2019-06-15,EK,1702
2019-06-15,EL,1586
2019-06-15,EM,1132
2019-06-15,F,2022
2019-06-15,G,319
2019-06-16,EK,2007
2019-06-16,EL,1789
2019-06-16,EM,1464
2019-06-16,F,2348
2019-06-16,G,431
2019-06-17,EK,2080
2019-06-17,EL,2014
2019-06-17,EM,1390
2019-06-17,F,3225
2019-06-17,G,593
2019-06-18,EK,2109
2019-06-18,EL,1437
2019-06-18,EM,1001
2019-06-18,F,2908
2019-06-18,G,498
2019-06-19,EK,2080
2019-06-19,EL,1332
2019-06-19,EM,1016
2019-06-19,F,3259
2019-06-19,G,545
2019-06-20,EK,1914
2019-06-20,EL,1525
2019-06-20,EM,916
2019-06-20,F,3303
2019-06-20,G,519
2019-06-21,EK,1692
2019-06-21,EL,1517
2019-06-21,EM,1266
2019-06-21,F,3745
2019-06-21,G,579
2019-06-22,EK,1946
2019-06-22,EL,1542
2019-06-22,EM,1277
2019-06-22,F,2317
2019-06-22,G,446
2019-06-23,EK,2088
2019-06-23,EL,1802
2019-06-23,EM,1533
2019-06-23,F,2472
2019-06-23,G,510
2019-06-24,EK,2379
2019-06-24,EL,1993
2019-06-24,EM,1453
2019-06-24,F,3619
2019-06-24,G,761
2019-06-25,EK,1985
2019-06-25,EL,1378
2019-06-25,EM,1072
2019-06-25,F,2998
2019-06-25,G,603
2019-06-26,EK,1654
2019-06-26,EL,1495
2019-06-26,EM,1302
2019-06-26,F,3218
2019-06-26,G,608
2019-06-27,EK,1822
2019-06-27,EL,1351
2019-06-27,EM,1127
2019-06-27,F,3461
2019-06-27,G,695
2019-06-28,EK,1752
2019-06-28,EL,1477
2019-06-28,EM,1329
2019-06-28,F,3453
2019-06-28,G,645
2019-06-29,EK,1669
2019-06-29,EL,1712
2019-06-29,EM,1236
2019-06-29,F,2356
2019-06-29,G,390
2019-06-30,EK,1983
2019-06-30,EL,1535
2019-06-30,EM,1391
2019-06-30,F,2293
2019-06-30,G,418
2019-07-01,EK,1998
2019-07-01,EL,1992
2019-07-01,EM,1287
2019-07-01,F,3265
2019-07-02,EK,1927
2019-07-02,EL,1465
2019-07-02,EM,992
2019-07-02,F,3001
2019-07-03,EK,1870
2019-07-03,EL,1271
2019-07-03,EM,1211
2019-07-03,F,3093
2019-07-04,EK,1591
2019-07-04,EL,1582
2019-07-04,EM,1004
2019-07-04,F,3482
2019-07-05,EK,1674
2019-07-05,EL,1501
2019-07-05,EM,1039
2019-07-05,F,3524
2019-07-06,EK,1930
2019-07-06,EL,1533
2019-07-06,EM,1258
2019-07-06,F,2341
2019-07-07,EK,1898
2019-07-07,EL,1798
2019-07-07,EM,1684
2019-07-07,F,2364
2019-07-08,EK,2276
2019-07-08,EL,1910
2019-07-08,EM,1603
2019-07-08,F,3156
2019-07-09,EK,1882
2019-07-09,EL,1410
2019-07-09,EM,1286
2019-07-09,F,2894
2019-07-10,EK,1847
2019-07-10,EL,1311
2019-07-10,EM,1160
2019-07-10,F,2944
2019-07-11,EK,1842
2019-07-11,EL,1406
2019-07-11,EM,1157
2019-07-11,F,3274
2019-07-12,EK,1847
2019-07-12,EL,1721
2019-07-12,EM,965
2019-07-12,F,3352
2019-07-13,EK,1893
2019-07-13,EL,1610
2019-07-13,EM,1198
2019-07-13,F,2329
2019-07-14,EK,2107
2019-07-14,EL,1572
2019-07-14,EM,1542
2019-07-14,F,2315
2019-07-15,EK,2317
2019-07-15,EL,2021
2019-07-15,EM,1252
2019-07-15,F,2897
2019-07-16,EK,1850
2019-07-16,EL,1600
2019-07-16,EM,1234
2019-07-16,F,2545
2019-07-17,EK,1710
2019-07-17,EL,1458
2019-07-17,EM,1118
2019-07-17,F,2715
2019-07-17,G,455
2019-07-18,EK,1649
2019-07-18,EL,1311
2019-07-18,EM,1230
2019-07-18,F,3051
2019-07-18,G,513
2019-07-19,EK,1762
2019-07-19,EL,1777
2019-07-19,EM,1099
2019-07-19,F,3289
2019-07-19,G,562
2019-07-20,EK,1765
2019-07-20,EL,1586
2019-07-20,EM,1314
2019-07-20,F,2299
2019-07-20,G,368
2019-07-21,EK,2087
2019-07-21,EL,1745
2019-07-21,EM,1353
2019-07-21,F,2164
2019-07-21,G,357
2019-07-22,EK,2131
2019-07-22,EL,1774
2019-07-22,EM,1453
2019-07-22,F,2870
2019-07-22,G,547
2019-07-23,EK,1860
2019-07-23,EL,1553
2019-07-23,EM,1076
2019-07-23,F,2635
2019-07-23,G,476
2019-07-24,EK,1736
2019-07-24,EL,1414
2019-07-24,EM,1298
2019-07-24,F,2710
2019-07-24,G,484
2019-07-25,EK,1668
2019-07-25,EL,1526
2019-07-25,EM,1122
2019-07-25,F,3048
2019-07-25,G,553
2019-07-26,EK,1875
2019-07-26,EL,1520
2019-07-26,EM,1217
2019-07-26,F,3324
2019-07-26,G,561
2019-07-27,EK,1818
2019-07-27,EL,1651
2019-07-27,EM,1305
2019-07-27,F,2616
2019-07-27,G,410
2019-07-28,EK,1992
2019-07-28,EL,1643
2019-07-28,EM,1457
2019-07-28,F,2323
2019-07-28,G,383
2019-07-29,EK,2037
2019-07-29,EL,1642
2019-07-29,EM,1324
2019-07-29,F,2599
2019-07-29,G,454
2019-07-30,EK,1670
2019-07-30,EL,1686
2019-07-30,EM,1190
2019-07-30,F,2227
2019-07-30,G,389
2019-07-31,EK,1717
2019-07-31,EL,972
2019-07-31,EM,1737
2019-07-31,F,2493
2019-07-31,G,416
2019-08-01,EK,1741
2019-08-01,EL,1363
2019-08-01,EM,1315
2019-08-01,F,2701
2019-08-01,G,389
2019-08-02,EK,1760
2019-08-02,EL,1710
2019-08-02,EM,1376
2019-08-02,F,2977
2019-08-02,G,438
2019-08-03,EK,1874
2019-08-03,EL,1749
2019-08-03,EM,1400
2019-08-03,F,2620
2019-08-03,G,346
2019-08-04,EK,1892
2019-08-04,EL,1743
2019-08-04,EM,1282
2019-08-04,F,2297
2019-08-04,G,327
2019-08-05,EK,1811
2019-08-05,EL,1676
2019-08-05,EM,1288
2019-08-05,F,2251
2019-08-05,G,351
2019-08-06,EK,1561
2019-08-06,EL,1477
2019-08-06,EM,1185
2019-08-06,F,1890
2019-08-06,G,358
2019-08-07,EK,1656
2019-08-07,EL,1252
2019-08-07,EM,1122
2019-08-07,F,1985
2019-08-07,G,323
2019-08-08,EK,1637
2019-08-08,EL,1242
2019-08-08,EM,1234
2019-08-08,F,2208
2019-08-08,G,343
2019-08-09,EK,1498
2019-08-09,EL,1301
2019-08-09,EM,1218
2019-08-09,F,2501
2019-08-09,G,448
2019-08-10,EK,1694
2019-08-10,EL,1535
2019-08-10,EM,1126
2019-08-10,F,2360
2019-08-10,G,308
2019-08-11,EK,1919
2019-08-11,EL,1339
2019-08-11,EM,1038
2019-08-11,F,2018
2019-08-11,G,338
2019-08-12,EK,1694
2019-08-12,EL,1234
2019-08-12,EM,1253
2019-08-12,F,2152
2019-08-12,G,383
2019-08-13,EK,1289
2019-08-13,EL,1366
2019-08-13,EM,1106
2019-08-13,F,1893
2019-08-13,G,283
2019-08-14,EK,1562
2019-08-14,EL,1339
2019-08-14,EM,1034
2019-08-14,F,2176
2019-08-14,G,369
2019-08-15,EK,1439
2019-08-15,EL,1280
2019-08-15,EM,1009
2019-08-15,F,2186
2019-08-15,G,317
2019-08-16,EK,1462
2019-08-16,EL,1277
2019-08-16,EM,1075
2019-08-16,F,2165
2019-08-16,G,295
2019-08-17,EK,1592
2019-08-17,EL,1720
2019-08-17,EM,1087
2019-08-17,F,1944
2019-08-17,G,329
2019-08-18,EK,1836
2019-08-18,EL,1643
2019-08-18,EM,1253
2019-08-18,F,1940
2019-08-18,G,314
2019-08-19,EK,1879
2019-08-19,EL,1615
2019-08-19,EM,1342
2019-08-19,F,2097
2019-08-19,G,411
2019-08-20,EK,1533
2019-08-20,EL,1265
2019-08-20,EM,1007
2019-08-20,F,1873
2019-08-20,G,331
2019-08-21,EK,1680
2019-08-21,EL,1154
2019-08-21,EM,854
2019-08-21,F,1963
2019-08-21,G,404
2019-08-22,EK,1405
2019-08-22,EL,1076
2019-08-22,EM,951
2019-08-22,F,2109
2019-08-22,G,356
2019-08-23,EK,1511
2019-08-23,EL,1288
2019-08-23,EM,909
2019-08-23,F,2613
2019-08-23,G,394
2019-08-24,EK,1643
2019-08-24,EL,1423
2019-08-24,EM,1245
2019-08-24,F,1993
2019-08-24,G,304
2019-08-25,EK,1833
2019-08-25,EL,1662
2019-08-25,EM,1305
2019-08-25,F,2040
2019-08-25,G,402
2019-08-26,EK,1983
2019-08-26,EL,1496
2019-08-26,EM,1415
2019-08-26,F,2476
2019-08-26,G,513
2019-08-27,EK,1589
2019-08-27,EL,1372
2019-08-27,EM,1038
2019-08-27,F,2355
2019-08-27,G,451
2019-08-28,EK,1435
2019-08-28,EL,1183
2019-08-28,EM,1022
2019-08-28,F,2316
2019-08-28,G,476
2019-08-29,EK,1351
2019-08-29,EL,1109
2019-08-29,EM,869
2019-08-29,F,2524
2019-08-29,G,449
2019-08-30,EK,1572
2019-08-30,EL,1213
2019-08-30,EM,993
2019-08-30,F,2700
2019-08-30,G,527
2019-08-31,EK,1871
2019-08-31,EL,1297
2019-08-31,EM,1231
2019-08-31,F,2007
2019-08-31,G,348
2019-09-01,EK,1756
2019-09-01,EL,1356
2019-09-01,EM,1355
2019-09-01,F,2093
2019-09-01,G,359
2019-09-02,EK,2066
2019-09-02,EL,1819
2019-09-02,EM,1350
2019-09-02,F,2709
2019-09-02,G,567
2019-09-03,EK,1839
2019-09-03,EL,1463
2019-09-03,EM,1303
2019-09-03,F,2747
2019-09-03,G,485
2019-09-04,EK,1760
2019-09-04,EL,1476
2019-09-04,EM,1201
2019-09-04,F,2774
2019-09-04,G,516
2019-09-05,EK,1727
2019-09-05,EL,1338
2019-09-05,EM,904
2019-09-05,F,3067
2019-09-05,G,512
2019-09-06,EK,1643
2019-09-06,EL,1335
2019-09-06,EM,1074
2019-09-06,F,3275
2019-09-06,G,649
2019-09-07,EK,1759
2019-09-07,EL,1747
2019-09-07,EM,1136
2019-09-07,F,2186
2019-09-07,G,350
2019-09-08,EK,2159
2019-09-08,EL,1828
2019-09-08,EM,1504
2019-09-08,F,2499
2019-09-08,G,425
2019-09-09,EK,2304
2019-09-09,EL,1901
2019-09-09,EM,1535
2019-09-09,F,3221
2019-09-09,G,747
2019-09-10,EK,1980
2019-09-10,EL,1696
2019-09-10,EM,899
2019-09-10,F,3130
2019-09-10,G,610
2019-09-11,EK,1822
2019-09-11,EL,1453
2019-09-11,EM,1007
2019-09-11,F,3034
2019-09-11,G,618
2019-09-12,EK,1883
2019-09-12,EL,1380
2019-09-12,EM,998
2019-09-12,F,3429
2019-09-12,G,592
2019-09-13,EK,1796
2019-09-13,EL,1492
2019-09-13,EM,1106
2019-09-13,F,3596
2019-09-13,G,688
2019-09-14,EK,1867
2019-09-14,EL,1730
2019-09-14,EM,1188
2019-09-14,F,2267
2019-09-14,G,375
2019-09-15,EK,2232
2019-09-15,EL,1878
2019-09-15,EM,1333
2019-09-15,F,2520
2019-09-15,G,495
2019-09-16,EK,2448
2019-09-16,EL,1914
2019-09-16,EM,1474
2019-09-16,F,3598
2019-09-16,G,728
2019-09-17,EK,2038
2019-09-17,EL,1716
2019-09-17,EM,1047
2019-09-17,F,3215
2019-09-17,G,632
2019-09-18,EK,2006
2019-09-18,EL,1511
2019-09-18,EM,1008
2019-09-18,F,3131
2019-09-18,G,611
2019-09-19,EK,1846
2019-09-19,EL,1572
2019-09-19,EM,998
2019-09-19,F,3418
2019-09-19,G,613
2019-09-20,EK,1834
2019-09-20,EL,1590
2019-09-20,EM,1057
2019-09-20,F,3779
2019-09-20,G,650
2019-09-21,EK,1863
2019-09-21,EL,1753
2019-09-21,EM,1237
2019-09-21,F,2381
2019-09-21,G,406
2019-09-22,EK,2157
2019-09-22,EL,2049
2019-09-22,EM,1301
2019-09-22,F,2601
2019-09-22,G,466
2019-09-23,EK,2330
2019-09-23,EL,2117
2019-09-23,EM,1422
2019-09-23,F,3488
2019-09-23,G,754
2019-09-24,EK,1668
2019-09-24,EL,1753
2019-09-24,EM,1228
2019-09-24,F,3061
2019-09-24,G,591
2019-09-25,EK,1724
2019-09-25,EL,1747
2019-09-25,EM,1005
2019-09-25,F,3189
2019-09-25,G,573
2019-09-26,EK,1626
2019-09-26,EL,1422
2019-09-26,EM,1138
2019-09-26,F,3505
2019-09-26,G,563
2019-09-27,EK,1736
2019-09-27,EL,1571
2019-09-27,EM,1136
2019-09-27,F,3692
2019-09-27,G,663
2019-09-28,EK,1650
2019-09-28,EL,1651
2019-09-28,EM,1165
2019-09-28,F,2402
2019-09-28,G,399
2019-09-29,EK,1895
2019-09-29,EL,1730
2019-09-29,EM,1361
2019-09-29,F,2506
2019-09-29,G,442
2019-09-30,EK,2126
2019-09-30,EL,1900
2019-09-30,EM,1374
2019-09-30,F,3507
2019-09-30,G,655
2019-10-01,EK,1932
2019-10-01,EL,1504
2019-10-01,EM,1152
2019-10-01,F,3060
2019-10-01,G,456
2019-10-02,EK,1656
2019-10-02,EL,1480
2019-10-02,EM,1174
2019-10-02,F,3268
2019-10-02,G,460
2019-10-03,EK,1734
2019-10-03,EL,1599
2019-10-03,EM,1014
2019-10-03,F,3213
2019-10-03,G,484
2019-10-04,EK,1650
2019-10-04,EL,1567
2019-10-04,EM,1086
2019-10-04,F,3254
2019-10-04,G,603
2019-10-05,EK,1757
2019-10-05,EL,1581
2019-10-05,EM,1113
2019-10-05,F,2173
2019-10-05,G,435
2019-10-06,EK,1843
2019-10-06,EL,1929
2019-10-06,EM,1535
2019-10-06,F,2559
2019-10-06,G,484
2019-10-07,EK,2217
2019-10-07,EL,1996
2019-10-07,EM,1393
2019-10-07,F,3509
2019-10-07,G,698
2019-10-08,EK,1924
2019-10-08,EL,1522
2019-10-08,EM,1106
2019-10-08,F,2806
2019-10-08,G,616
2019-10-09,EK,1796
2019-10-09,EL,1532
2019-10-09,EM,1116
2019-10-09,F,2993
2019-10-09,G,541
2019-10-10,EK,1771
2019-10-10,EL,1631
2019-10-10,EM,1115
2019-10-10,F,3391
2019-10-10,G,546
2019-10-11,EK,1570
2019-10-11,EL,1586
2019-10-11,EM,1107
2019-10-11,F,3482
2019-10-11,G,641
2019-10-12,EK,1785
2019-10-12,EL,1765
2019-10-12,EM,1198
2019-10-12,F,2327
2019-10-12,G,392
2019-10-13,EK,1925
2019-10-13,EL,2084
2019-10-13,EM,1324
2019-10-13,F,2179
2019-10-13,G,454
2019-10-14,EK,2171
2019-10-14,EL,2171
2019-10-14,EM,1361
2019-10-14,F,3498
2019-10-14,G,752
2019-10-15,EK,1916
2019-10-15,EL,1758
2019-10-15,EM,1237
2019-10-15,F,3014
2019-10-15,G,673
2019-10-16,EK,1693
2019-10-16,EL,1511
2019-10-16,EM,1174
2019-10-16,F,2850
2019-10-16,G,636
2019-10-17,EK,1766
2019-10-17,EL,1660
2019-10-17,EM,1110
2019-10-17,F,3375
2019-10-17,G,625
2019-10-18,EK,1963
2019-10-18,EL,1727
2019-10-18,EM,1207
2019-10-18,F,3460
2019-10-18,G,635
2019-10-19,EK,2198
2019-10-19,EL,1910
2019-10-19,EM,1345
2019-10-19,F,2668
2019-10-19,G,438
2019-10-20,EK,2100
2019-10-20,EL,2159
2019-10-20,EM,1207
2019-10-20,F,2638
2019-10-20,G,529
2019-10-21,EK,2349
2019-10-21,EL,2219
2019-10-21,EM,1486
2019-10-21,F,3438
2019-10-21,G,764
2019-10-22,EK,1906
2019-10-22,EL,1847
2019-10-22,EM,1095
2019-10-22,F,2967
2019-10-22,G,572
2019-10-23,EK,1752
2019-10-23,EL,1690
2019-10-23,EM,1223
2019-10-23,F,3171
2019-10-23,G,599
2019-10-24,EK,1840
2019-10-24,EL,1650
2019-10-24,EM,1180
2019-10-24,F,3399
2019-10-24,G,641
2019-10-25,EK,1890
2019-10-25,EL,1991
2019-10-25,EM,1227
2019-10-25,F,3540
2019-10-25,G,690
2019-10-26,EK,1949
2019-10-26,EL,1721
2019-10-26,EM,1351
2019-10-26,F,2596
2019-10-26,G,375
2019-10-27,EK,2280
2019-10-27,EL,1929
2019-10-27,EM,982
2019-10-27,F,2453
2019-10-27,G,358
2019-10-28,EK,1915
2019-10-28,EL,2103
2019-10-28,EM,1150
2019-10-28,F,3211
2019-10-28,G,631
2019-10-29,EK,1689
2019-10-29,EL,1631
2019-10-29,EM,913
2019-10-29,F,2879
2019-10-29,G,466
2019-10-30,EK,1963
2019-10-30,EL,1529
2019-10-30,EM,1008
2019-10-30,F,2993
2019-10-30,G,492
2019-10-31,EK,1759
2019-10-31,EL,1886
2019-10-31,EM,991
2019-10-31,F,3424
2019-10-31,G,530
2019-11-01,EK,1745
2019-11-01,EL,1741
2019-11-01,EM,901
2019-11-01,F,2617
2019-11-01,G,431
2019-11-02,EK,1813
2019-11-02,EL,1953
2019-11-02,EM,920
2019-11-02,F,1960
2019-11-02,G,383
2019-11-03,EK,1913
2019-11-03,EL,2118
2019-11-03,EM,1148
2019-11-03,F,2422
2019-11-03,G,437
2019-11-04,EK,2100
2019-11-04,EL,2179
2019-11-04,EM,1381
2019-11-04,F,3607
2019-11-04,G,813
2019-11-05,EK,1883
2019-11-05,EL,1666
2019-11-05,EM,887
2019-11-05,F,3100
2019-11-05,G,599
2019-11-06,EK,1851
2019-11-06,EL,1706
2019-11-06,EM,960
2019-11-06,F,3182
2019-11-06,G,523
2019-11-07,EK,1793
2019-11-07,EL,1625
2019-11-07,EM,857
2019-11-07,F,3275
2019-11-07,G,654
2019-11-08,EK,1984
2019-11-08,EL,1827
2019-11-08,EM,1084
2019-11-08,F,3919
2019-11-08,G,787
2019-11-09,EK,2006
2019-11-09,EL,1917
2019-11-09,EM,1169
2019-11-09,F,2658
2019-11-09,G,499
2019-11-10,EK,1941
2019-11-10,EL,1996
2019-11-10,EM,1232
2019-11-10,F,2330
2019-11-10,G,471
2019-11-11,EK,2066
2019-11-11,EL,1903
2019-11-11,EM,1299
2019-11-11,F,2620
2019-11-11,G,578
2019-11-12,EK,1950
2019-11-12,EL,1835
2019-11-12,EM,916
2019-11-12,F,3213
2019-11-12,G,696
2019-11-13,EK,1750
2019-11-13,EL,1728
2019-11-13,EM,886
2019-11-13,F,3220
2019-11-13,G,627
2019-11-14,EK,1515
2019-11-14,EL,1633
2019-11-14,EM,924
2019-11-14,F,3063
2019-11-14,G,602
2019-11-15,EK,1816
2019-11-15,EL,1711
2019-11-15,EM,955
2019-11-15,F,3397
2019-11-15,G,698
2019-11-16,EK,2029
2019-11-16,EL,1849
2019-11-16,EM,1274
2019-11-16,F,2287
2019-11-16,G,443
2019-11-17,EK,2239
2019-11-17,EL,1982
2019-11-17,EM,1438
2019-11-17,F,2541
2019-11-17,G,529
2019-11-18,EK,2518
2019-11-18,EL,2183
2019-11-18,EM,1217
2019-11-18,F,3314
2019-11-18,G,768
2019-11-19,EK,1850
2019-11-19,EL,1698
2019-11-19,EM,983
2019-11-19,F,2951
2019-11-19,G,618
2019-11-20,EK,1641
2019-11-20,EL,1752
2019-11-20,EM,788
2019-11-20,F,3092
2019-11-20,G,585
2019-11-21,EK,1731
2019-11-21,EL,1691
2019-11-21,EM,859
2019-11-21,F,3382
2019-11-21,G,625
2019-11-22,EK,1893
2019-11-22,EL,1638
2019-11-22,EM,1025
2019-11-22,F,3880
2019-11-22,G,746
2019-11-23,EK,2117
2019-11-23,EL,1683
2019-11-23,EM,1106
2019-11-23,F,2453
2019-11-23,G,420
2019-11-24,EK,1932
2019-11-24,EL,2158
2019-11-24,EM,1168
2019-11-24,F,2396
2019-11-24,G,418
2019-11-25,EK,2175
2019-11-25,EL,2008
2019-11-25,EM,913
2019-11-25,F,3565
2019-11-25,G,722
2019-11-26,EK,1760
2019-11-26,EL,1537
2019-11-26,EM,917
2019-11-26,F,3061
2019-11-26,G,591
2019-11-27,EK,1960
2019-11-27,EL,1459
2019-11-27,EM,747
2019-11-27,F,3178
2019-11-27,G,622
2019-11-28,EK,1617
2019-11-28,EL,1345
2019-11-28,EM,810
2019-11-28,F,3480
2019-11-28,G,644
2019-11-29,EK,1681
2019-11-29,EL,1382
2019-11-29,EM,955
2019-11-29,F,3398
2019-11-29,G,697
2019-11-30,EK,1731
2019-11-30,EL,1942
2019-11-30,EM,1029
2019-11-30,F,2240
2019-11-30,G,359
2019-12-01,EK,2247
2019-12-01,EL,2200
2019-12-01,EM,1166
2019-12-01,F,2338
2019-12-01,G,447
2019-12-02,EK,2535
2019-12-02,EL,1920
2019-12-02,EM,1377
2019-12-02,F,3460
2019-12-02,G,720
2019-12-03,EK,1830
2019-12-03,EL,1562
2019-12-03,EM,917
2019-12-03,F,2878
2019-12-03,G,574
2019-12-04,EK,1814
2019-12-04,EL,1739
2019-12-04,EM,898
2019-12-04,F,3548
2019-12-04,G,744
2019-12-05,EK,1263
2019-12-05,EL,1380
2019-12-05,EM,622
2019-12-05,F,1756
2019-12-05,G,294
2019-12-06,EK,1580
2019-12-06,EL,1501
2019-12-06,EM,738
2019-12-06,F,2817
2019-12-06,G,523
2019-12-07,EK,1862
2019-12-07,EL,1666
2019-12-07,EM,826
2019-12-07,F,2015
2019-12-07,G,454
2019-12-08,EK,2132
2019-12-08,EL,1905
2019-12-08,EM,1246
2019-12-08,F,2556
2019-12-08,G,473
2019-12-09,EK,2259
2019-12-09,EL,2035
2019-12-09,EM,1173
2019-12-09,F,3379
2019-12-09,G,760
2019-12-10,EK,1748
2019-12-10,EL,1431
2019-12-10,EM,845
2019-12-10,F,2687
2019-12-10,G,492
2019-12-11,EK,1869
2019-12-11,EL,1243
2019-12-11,EM,818
2019-12-11,F,2970
2019-12-11,G,588
2019-12-12,EK,1648
2019-12-12,EL,1495
2019-12-12,EM,819
2019-12-12,F,3113
2019-12-12,G,540
2019-12-13,EK,1795
2019-12-13,EL,1473
2019-12-13,EM,971
2019-12-13,F,3509
2019-12-13,G,694
2019-12-14,EK,1683
2019-12-14,EL,1732
2019-12-14,EM,912
2019-12-14,F,2409
2019-12-14,G,431
2019-12-15,EK,1966
2019-12-15,EL,1786
2019-12-15,EM,897
2019-12-15,F,2534
2019-12-15,G,400
2019-12-16,EK,2015
2019-12-16,EL,1811
2019-12-16,EM,959
2019-12-16,F,3100
2019-12-16,G,690
2019-12-17,EK,1592
2019-12-17,EL,1498
2019-12-17,EM,789
2019-12-17,F,2614
2019-12-17,G,483
2019-12-18,EK,1852
2019-12-18,EL,1669
2019-12-18,EM,1072
2019-12-18,F,2840
2019-12-18,G,606
2019-12-19,EK,1987
2019-12-19,EL,1742
2019-12-19,EM,878
2019-12-19,F,3244
2019-12-19,G,520
2019-12-20,EK,1855
2019-12-20,EL,2074
2019-12-20,EM,1090
2019-12-20,F,3494
2019-12-20,G,647
2019-12-21,EK,2305
2019-12-21,EL,2097
2019-12-21,EM,1020
2019-12-21,F,3038
2019-12-21,G,415
2019-12-22,EK,1642
2019-12-22,EL,1895
2019-12-22,EM,969
2019-12-22,F,2634
2019-12-22,G,391
2019-12-23,EK,1496
2019-12-23,EL,1787
2019-12-23,EM,941
2019-12-23,F,2212
2019-12-23,G,301
2019-12-24,EK,1312
2019-12-24,EL,1298
2019-12-24,EM,619
2019-12-24,F,1534
2019-12-24,G,197
2019-12-25,EK,1357
2019-12-25,EL,1607
2019-12-25,EM,878
2019-12-25,F,1699
2019-12-25,G,129
2019-12-26,EK,1763
2019-12-26,EL,1910
2019-12-26,EM,1010
2019-12-26,F,2103
2019-12-26,G,142
2019-12-27,EK,1604
2019-12-27,EL,1744
2019-12-27,EM,978
2019-12-27,F,2177
2019-12-27,G,199
2019-12-28,EK,1697
2019-12-28,EL,1813
2019-12-28,EM,941
2019-12-28,F,2169
2019-12-28,G,240
2019-12-29,EK,1527
2019-12-29,EL,1494
2019-12-29,EM,1018
2019-12-29,F,2042
2019-12-29,G,243
